archivo,clase,ventana,rms,skewness,kurtosis,factor_cresta,centroide_espectral
97.mat,Normal,0,0.07620052523974466,-0.094576204217928,-0.1084962028694525,3.5809323127158725,1115.5020827863075
97.mat,Normal,1,0.0740137601123761,-0.059872180864705506,-0.14216704230538335,3.36823023498436,1111.4321769563878
97.mat,Normal,2,0.07238952760006707,-0.11244544848764083,-0.15309138455265225,3.1037468633869225,1136.622052551175
97.mat,Normal,3,0.07205380943138427,-0.07398862296162739,-0.2412232768781184,3.2861338409031933,1117.8685957442656
97.mat,Normal,4,0.07278499590051624,-0.07322478197670226,-0.31843014429978256,3.4107621305855833,1125.7205377072373
97.mat,Normal,5,0.07430882743608246,-0.06299400935791546,-0.24880237400395622,3.2060628252503767,1137.6082745093852
97.mat,Normal,6,0.07538258267700362,-0.14414979598101413,-0.36876616817613916,2.897490374244493,1102.8145645253744
97.mat,Normal,7,0.07178502691392097,-0.10246597505621104,-0.19048109908944522,3.9929989690642858,1185.151413823139
97.mat,Normal,8,0.07236515093921929,-0.06181835810175161,-0.2705919040108977,3.148034613944767,1152.8600535989983
97.mat,Normal,9,0.0724741398772271,-0.030873727243566105,-0.23464966872288429,3.3131308367242487,1130.8517050142002
97.mat,Normal,10,0.07376924272035389,0.0032914944931746494,-0.11580983693686031,3.4246417809508842,1144.5761081564785
97.mat,Normal,11,0.07512602989763767,0.01200745153339248,-0.18916676967841228,3.3766766064698497,1164.097371792104
97.mat,Normal,12,0.07304882090444688,0.011695335824124669,-0.02449282492321947,4.26090592554939,1145.0675818898355
97.mat,Normal,13,0.07157253657278372,0.026761695063187138,-0.2868879731917948,3.1945557959364748,1183.4005156515248
97.mat,Normal,14,0.07271848989190263,0.04566359963181443,0.03585523407159963,3.732319191282289,1156.2589400100094
97.mat,Normal,15,0.07190393704161158,0.02905544118068597,-0.2161777544847241,3.2407597442200067,1206.370157525841
97.mat,Normal,16,0.07264921512501427,-0.035657571892763154,-0.24483485995269438,3.1127532008974677,1159.7549289450064
97.mat,Normal,17,0.07245017665247194,0.00041111527044954686,-0.14490152456341443,3.2710351840804117,1119.338292865274
97.mat,Normal,18,0.0726001323905104,-0.026636584077291064,-0.22231392067280087,3.1378455176174977,1157.833835132585
97.mat,Normal,19,0.07144204357602851,-0.058125495090245526,-0.1807382636963597,3.4456762646239842,1121.918790394084
97.mat,Normal,20,0.07210974751201261,-0.04770768005253034,-0.35605534906753755,3.1302542851955435,1142.6428600344677
97.mat,Normal,21,0.07408737092252073,-0.012684213104942759,-0.41652741324488485,3.142435294056295,1112.9646129329785
97.mat,Normal,22,0.07318598021949008,-0.026271724196538584,-0.32210167281973145,3.591608445047292,1110.865531580713
97.mat,Normal,23,0.07548890115032234,0.004998956304530015,-0.34081023826044676,3.2554311869973978,1129.9214532873193
97.mat,Normal,24,0.0716044832352623,-0.06741251405611921,-0.25217828683261745,3.688415375547531,1161.75012267066
97.mat,Normal,25,0.0707104905612899,-0.030116545138531833,-0.3905415817226334,3.0092803856770556,1143.4854319831582
97.mat,Normal,26,0.07144275588245312,0.007938135119852493,-0.32323899322917216,3.325920453962815,1115.3022875813729
97.mat,Normal,27,0.07069471085061481,-0.024960408775538446,-0.21258199289578572,3.331603827172608,1123.9628496913972
97.mat,Normal,28,0.07310450377350822,0.012561733867055856,-0.0895309046109074,3.4015624978724213,1104.3385309689056
97.mat,Normal,29,0.0734901689993654,-0.09471902904656325,-0.15859085541597118,3.210551876701187,1103.1593826100252
97.mat,Normal,30,0.07352696265911574,-0.03332614141107943,-0.18573427701649559,3.22596886542661,1160.3759564417592
97.mat,Normal,31,0.07417678359376344,-0.028277163375475776,-0.502567101783689,2.7674095386200808,1130.2678006481638
97.mat,Normal,32,0.07415999523932078,-0.02747744893561263,-0.3816975723036302,3.3165797498747405,1100.9428945167197
97.mat,Normal,33,0.07416097729458905,-0.087217453185218,-0.37878168703134474,3.3812350033039276,1128.8329151111284
97.mat,Normal,34,0.07509018469115357,-0.06165225780881937,-0.3566976944714009,3.411626877219187,1151.4520945466566
97.mat,Normal,35,0.0779252213255171,-0.04158154042736687,-0.3592623960832051,3.4053001674808954,1078.8646430584688
97.mat,Normal,36,0.07600029246901388,-0.09796202285216518,-0.31691126239319223,3.233526018036279,1102.4610127779438
97.mat,Normal,37,0.07494408493978756,-0.037979839739793964,-0.2827467766750158,3.1816705055103514,1114.1567792165474
97.mat,Normal,38,0.07455967442590745,0.0200617321915743,-0.20080572935843,3.1756906580078557,1088.6363219439445
97.mat,Normal,39,0.0750500282818976,-0.10083107293019741,-0.04158733309081741,3.4440288359066047,1130.7054018400722
97.mat,Normal,40,0.07507840719249284,-0.05092729415629772,-0.18026868857343015,3.267673109775606,1106.6989070560724
97.mat,Normal,41,0.07544710113787309,-0.041109959492436385,-0.2066030792673872,3.229584245861169,1112.6904929891557
97.mat,Normal,42,0.07216956166359742,-0.025522832508620922,-0.11703820730516235,3.5959417305487116,1178.853126112079
97.mat,Normal,43,0.07516188423209764,-0.06706215779846543,-0.26359938035574526,3.1030621755009036,1126.9907596547557
97.mat,Normal,44,0.07226090369202191,-0.11233329459759367,-0.22557341247258877,3.533656759366304,1112.9172603733023
97.mat,Normal,45,0.07537590577264215,-0.15193459478741594,-0.1450612082702678,3.625643380929608,1120.0610918476111
97.mat,Normal,46,0.07492297223184803,-0.05186775867751658,-0.1675184839423265,3.449869296944282,1100.9379431055554
97.mat,Normal,47,0.07507772364802118,-0.07455498514165637,-0.32839237542721866,3.075975396535848,1102.5220307640861
97.mat,Normal,48,0.07655625160400786,0.011426177298650959,-0.3651158409648283,3.3599185414833332,1096.801626857851
97.mat,Normal,49,0.07526707817592442,0.006158727709262701,-0.2979553204709391,3.4507271989366544,1093.223290455662
97.mat,Normal,50,0.07705522586752434,-0.012382370104700797,-0.30219472318694995,3.181135012756953,1111.915659787132
97.mat,Normal,51,0.07474948599894708,0.052294077642483006,-0.29619608473153747,3.3267056641037134,1124.5603562190042
97.mat,Normal,52,0.0740127158813086,0.005523856256873605,-0.20318321398902484,3.199159208238949,1130.0927671676382
97.mat,Normal,53,0.07422097204548499,0.03938516466214866,-0.2857690842978293,3.2351544459045445,1149.5433043177545
97.mat,Normal,54,0.07478852623669553,0.02320889492682934,-0.13695337744836777,3.483965101277386,1104.5446785282047
97.mat,Normal,55,0.07233047890101967,-0.02898139818325421,-0.12111438154759879,3.4206582054077654,1137.5817082225828
97.mat,Normal,56,0.07220069864071138,0.02828506446515162,-0.1335384598696816,3.377687324453039,1154.660514118873
97.mat,Normal,57,0.07366810001977753,-0.02702324819595167,-0.27498632667694034,3.2990795610539085,1136.5705913860797
97.mat,Normal,58,0.07364841089364778,-0.04509121434172201,-0.3034628581116223,3.0506940544204997,1152.8140320294367
98.mat,Normal,0,0.06533922650100285,-0.2775863628428556,-0.09739820677488131,3.1289485332358358,1117.2590834820944
98.mat,Normal,1,0.06462928380848948,-0.1516558861126626,-0.035953013217837615,3.2698394932178614,1149.8239876424498
98.mat,Normal,2,0.06592797343304899,-0.12577264366839158,-0.07323863654777574,3.4554072897651404,1162.6616464502636
98.mat,Normal,3,0.06520915788919933,-0.19321083323938137,-0.016073195998079548,3.2439615361914824,1163.9404656648185
98.mat,Normal,4,0.06720563138516861,-0.19967532091088502,-0.2194099577469144,3.324529095524342,1108.684993196923
98.mat,Normal,5,0.06497655930025345,-0.1905308873319001,-0.21562000721132257,3.4032628085224745,1133.72929352172
98.mat,Normal,6,0.06694338769163939,-0.1926010445955241,-0.04727748055366199,3.5619258725558116,1113.4073753304533
98.mat,Normal,7,0.0654307912717096,-0.1550012792918447,-0.27677617239636776,3.0863097997563917,1128.3520507648307
98.mat,Normal,8,0.06372339474797444,-0.23047745880877005,0.14889094140663284,3.944886167093743,1143.2987709619529
98.mat,Normal,9,0.06740941351052898,-0.13309054937189985,-0.09647971465095173,3.4444584366641378,1140.082193018373
98.mat,Normal,10,0.06634298379372526,-0.2391195792917986,-0.1284864004855244,3.502970851960968,1122.039292247622
98.mat,Normal,11,0.06642960329818544,-0.23298065913095042,-0.1909870200499042,3.193784632455294,1136.4974483633205
98.mat,Normal,12,0.0660632658385309,-0.22800428894738062,-0.1351163546115206,3.129391856877713,1087.986173966885
98.mat,Normal,13,0.06442914327159506,-0.10438250873896335,-0.06316697534110638,3.192573403679792,1115.3988460623807
98.mat,Normal,14,0.06484050150990313,-0.18445894891460343,-0.19819341797255152,3.4168387551367267,1113.7565376309094
98.mat,Normal,15,0.06487654442661987,-0.20277000383042476,-0.2356862907749533,3.1448322033337384,1129.1330248853885
98.mat,Normal,16,0.06753301865086443,-0.27467287158232445,-0.0021543008608611025,3.984922509463472,1098.6322220890743
98.mat,Normal,17,0.06617785870376842,-0.19396609648296403,-0.11561692119067857,3.634652785280306,1113.7800295630714
98.mat,Normal,18,0.06729328389103274,-0.20240435348058894,-0.04108754033487827,3.6333080603577375,1136.5594875217794
98.mat,Normal,19,0.06652336279233298,-0.11548901827290464,-0.1393758772871787,3.7788459258483384,1119.5002456471352
98.mat,Normal,20,0.06666170878516604,-0.1367179093792695,0.004863179310666155,3.6489544431790333,1098.7278974017142
98.mat,Normal,21,0.06306272506857813,-0.13591648946585644,-0.2965700724099385,3.3146778093921725,1138.802292812277
98.mat,Normal,22,0.06638357113138253,-0.20664230232756106,-0.07881217907956906,3.2494230728472,1111.1975927819922
98.mat,Normal,23,0.06829941840586641,-0.20221723944431869,-0.25350908205186684,3.066641723201789,1113.3177214506416
98.mat,Normal,24,0.06501535163812448,-0.1433642470899052,0.04825276251082489,3.7156857464869386,1120.1060177859474
98.mat,Normal,25,0.06578635958962943,-0.12374434891970611,-0.23550481822614122,3.123537388722551,1134.7455296624216
98.mat,Normal,26,0.06630849976699917,-0.11202748414493999,-0.16446285061366162,3.463892853384232,1099.7622516655836
98.mat,Normal,27,0.06641354382421036,-0.18320742858371344,-0.1355724959100506,3.1442984062518198,1130.9791212675882
98.mat,Normal,28,0.06678772498645819,-0.23400855258675446,-0.1834975643449912,3.4296675377718917,1125.789871311527
98.mat,Normal,29,0.06513469134730189,-0.14685134866170713,-0.07181772059475922,3.4654627431990797,1152.0187378528976
98.mat,Normal,30,0.068608300523203,-0.20188298094979384,-0.06405159130604687,3.4390007943747976,1109.491840538888
98.mat,Normal,31,0.06404432906699796,-0.0788143095214148,-0.18002251991045437,3.2964475123146966,1130.859542249183
98.mat,Normal,32,0.06855806249610245,-0.11051154644087512,-0.039929799498153784,3.7245106041867393,1103.0971550885436
98.mat,Normal,33,0.06312968098761472,-0.20422337264318313,-0.15432280444043123,3.330989550439244,1137.9970390976187
98.mat,Normal,34,0.06601941288155844,-0.1419473795628543,-0.29775621615514813,2.8881574860494355,1137.1294467986793
98.mat,Normal,35,0.06349973119017717,-0.20593028539750205,-0.012534813277176315,3.659819248140191,1141.243858753083
98.mat,Normal,36,0.06678129778067834,-0.16473279509008276,-0.2102037641166512,3.4799793682472795,1151.3814465899222
98.mat,Normal,37,0.06726526172292477,-0.02757365573521591,-0.06574905405354237,3.4828538672471003,1113.6237615025261
98.mat,Normal,38,0.0682078355207024,-0.3004628167084108,0.24437460629982732,4.514383213331101,1140.0840897364722
98.mat,Normal,39,0.0663002655441406,-0.2471102795812254,-0.05119481495531497,3.4894952477141,1145.343220932562
98.mat,Normal,40,0.06724149106918087,-0.09918017745576223,-0.049474210701797805,3.825357902401772,1127.3730927643755
98.mat,Normal,41,0.07007365320421584,-0.2326298034420767,-0.1963865604249193,2.968156060814954,1152.0326099866481
98.mat,Normal,42,0.06541329777097839,-0.18619056938632883,-0.09938513774745772,3.5304324753320966,1117.40354264692
98.mat,Normal,43,0.06983124759128219,-0.23209877056071537,0.18053888760517323,4.158491010847532,1110.620504238454
98.mat,Normal,44,0.06505014852893469,-0.2447844605938714,-0.16489708104833678,3.2326491552709054,1168.0272309502618
98.mat,Normal,45,0.06482998936984669,-0.09971102089641791,0.3164151756211382,3.8421534794608942,1137.1173721435252
98.mat,Normal,46,0.06667440460280466,-0.08525905682685035,0.058272542613315714,3.504331717112961,1124.5944110099754
98.mat,Normal,47,0.0650594513727162,-0.1627057508733718,-0.33371566802588815,3.100718998802937,1128.9466508463645
98.mat,Normal,48,0.06875555571511811,-0.17297258145592256,-0.17411025588091533,3.3406106033557186,1117.3207143494462
98.mat,Normal,49,0.06608169173031138,-0.1653626870214037,0.041258449698043265,3.5041941400065575,1161.0923514835606
98.mat,Normal,50,0.07035637669297906,-0.05443497393975442,-0.07440995181315957,3.4454741463010468,1098.3097430063494
98.mat,Normal,51,0.06526650532798578,-0.2458057892424481,-0.017376905551091948,3.0429367277412234,1160.1942382686273
98.mat,Normal,52,0.06712700724540302,-0.10663541034292916,-0.18070284187092645,3.058046930516126,1110.640633203507
98.mat,Normal,53,0.06517927852253076,-0.13685522054883018,-0.06118702126525033,3.4822959628661687,1144.4404165886804
98.mat,Normal,54,0.06981836155873407,-0.11601079585337848,-0.10417902974456217,3.782773915439124,1148.1463126273895
98.mat,Normal,55,0.06707551736919744,-0.18012616117944738,0.022444300307769893,3.3309780630283976,1163.7666559929391
98.mat,Normal,56,0.06880558460949666,-0.20293337732872566,0.09211940836194055,3.932444661022598,1097.3214804254778
98.mat,Normal,57,0.06523242716169174,-0.07830934293817775,-0.17736443001415392,3.4218941598657597,1124.4171723685502
98.mat,Normal,58,0.06461886720519823,-0.20833713695052822,-0.08135935923486581,3.3510765291371367,1142.6469645145858
98.mat,Normal,59,0.06743253212997119,-0.19849776359706903,-0.09954862287954924,3.322623606141287,1144.5160276338472
98.mat,Normal,60,0.06763380132474978,-0.11417757988179013,-0.022869290840361156,3.4916359979636122,1099.6975315385878
98.mat,Normal,61,0.06707849000939603,-0.17058566438961145,0.052577220813286196,3.2250897987693343,1104.741874614556
98.mat,Normal,62,0.06657781419336181,-0.1561298759034307,-0.16003613482462065,3.2493429901116158,1109.8023492894238
98.mat,Normal,63,0.06472643926524159,-0.09020297615941728,-0.11190569710503473,3.6807025372505637,1110.1032913962483
98.mat,Normal,64,0.06537996949443528,-0.1857803780874144,-0.0916764731173294,3.493942378992528,1115.3318380777735
98.mat,Normal,65,0.06436878179239128,-0.14449501323143568,-0.06799161861734371,3.526143141773236,1103.8488923655939
98.mat,Normal,66,0.06752131734198251,-0.18455386556152334,0.10514208772417488,3.3584197110432883,1112.166172800621
98.mat,Normal,67,0.06553722553052012,-0.13136852973324067,-0.15153300532339342,3.428261837635136,1148.3100177905937
98.mat,Normal,68,0.06649284062022937,-0.10005426849112102,-0.16268076980707358,3.460564582358423,1097.284189743106
98.mat,Normal,69,0.06626778491944837,-0.12395812684356754,-0.2928559932765502,3.198435424193972,1104.7649286994385
98.mat,Normal,70,0.06619340881955146,-0.19585867047309788,-0.04349559308805384,3.6022828989727858,1166.4900998277183
98.mat,Normal,71,0.06353552572315373,-0.16290677921628205,-0.06394557722209582,3.3556804740379533,1150.0133366392959
98.mat,Normal,72,0.06749871844835571,-0.17282798331050983,0.006994995787755087,3.164832736929655,1099.9369280671567
98.mat,Normal,73,0.06710908851578158,-0.15011481775811564,-0.16673017244406996,3.44122138858916,1150.3840877158382
98.mat,Normal,74,0.06631611981275025,-0.186755306950646,-0.08465885564709419,3.3565385914182917,1153.7903667112757
98.mat,Normal,75,0.06869108932090297,-0.21671766791974237,-0.028660389262882724,3.2617465422657506,1136.9049692807987
98.mat,Normal,76,0.0651213582708933,-0.14650254650859312,0.05207575661531916,3.7288581525309255,1139.5410379648492
98.mat,Normal,77,0.06629333774581272,-0.15728839161671282,-0.08448546723745576,3.30104873133139,1135.8153108943911
98.mat,Normal,78,0.06508292926245236,-0.20097516375640392,0.013285046418235691,3.39449522034878,1135.3476886209019
98.mat,Normal,79,0.0660074789873499,-0.1379190899990996,-0.20292578186889987,3.4069985411574875,1129.4815522985982
98.mat,Normal,80,0.0649180631681697,-0.18819069883593642,-0.10590215492367472,3.7212542025293205,1143.1171258117372
98.mat,Normal,81,0.06756283038323146,-0.2162191078549778,-0.06476225566376925,3.3131280383402055,1173.680658930478
98.mat,Normal,82,0.06608261126610698,-0.11646977072103327,0.23208006662271607,3.5230867057182604,1103.1584940569164
98.mat,Normal,83,0.0670924056437256,-0.23585232266314363,0.0051822721047858344,3.3954364553524448,1154.2902734931592
98.mat,Normal,84,0.06845824465384101,-0.138002955716331,-0.010884933995265467,3.25455658256832,1119.6277492818224
98.mat,Normal,85,0.0657838977418678,-0.25134883420639886,0.005911120072886078,3.691303130823167,1126.2192596019395
98.mat,Normal,86,0.0665515112698081,-0.14090346798905126,-0.06305636118428071,3.372878384926887,1127.3743156108121
98.mat,Normal,87,0.06512086626507238,-0.2787718563230968,0.1738312005579119,3.744903878009147,1144.7199216671806
98.mat,Normal,88,0.06596605004423921,-0.11566008083845898,-0.22530036708633672,3.1656283779300884,1140.212161445123
98.mat,Normal,89,0.06742056548574357,-0.13970678615205187,-0.1089876237205214,3.499585004962493,1094.0960169986088
98.mat,Normal,90,0.06694662013518032,-0.12307917935280493,-0.1103892579845196,3.642773662403767,1143.4033819923704
98.mat,Normal,91,0.06627821433762537,-0.19855413743573327,-0.13719113986177733,3.0846195686810614,1156.0882954593853
98.mat,Normal,92,0.06891758255916802,-0.19961194229377083,-0.09841906297543446,3.29340539863937,1127.6334305768014
98.mat,Normal,93,0.067898524179191,-0.2539330044117677,0.04984420224773656,3.5363995108143547,1150.0541329133493
98.mat,Normal,94,0.06665426844566667,-0.23151806589930737,-0.13259774483638287,3.2769140339504785,1121.675486192427
98.mat,Normal,95,0.06716598390663435,-0.09520563283878056,-0.16337990764555554,3.515955572286187,1139.2131177267993
98.mat,Normal,96,0.06613129478738985,-0.1904222425714984,-0.11428956144500901,3.3848468930172997,1114.7699848226387
98.mat,Normal,97,0.06584656643586827,-0.09193338465744294,-0.06439476724397863,3.2664187850697215,1158.462303902208
98.mat,Normal,98,0.06551824514853175,-0.19725462010786615,-0.13273251953727616,3.3178121647860124,1134.034910966127
98.mat,Normal,99,0.06412714017287222,-0.1532736700444714,-0.2294400108014263,3.370266284741734,1157.0721294766029
98.mat,Normal,100,0.06601131659457339,-0.17574881556469696,0.06684042287873782,3.5174108782434237,1093.0048762449028
98.mat,Normal,101,0.06624001063730729,-0.0808989038863188,-0.21723692989840515,3.105294930537331,1169.6571249933108
98.mat,Normal,102,0.06414939954685818,-0.22279783832284675,-0.21325404315480334,3.5479581449415396,1208.804156844789
98.mat,Normal,103,0.06880187274620499,-0.22735349753047662,0.0995847885287473,3.7567939828021415,1089.2016732169695
98.mat,Normal,104,0.0668011289112919,-0.20167333950852293,-0.10990374086175869,3.107317362374997,1118.4977729445384
98.mat,Normal,105,0.06404203758538547,-0.15735380799585008,-0.2248412413571632,3.16952390779475,1161.812719793929
98.mat,Normal,106,0.07018994491072979,-0.19380984420585254,-0.016212059390266376,3.7151935523084805,1101.317102352293
98.mat,Normal,107,0.06642626635881005,-0.16539516574290652,-0.13477816941823706,3.24419396302726,1115.3190416983562
98.mat,Normal,108,0.0638798182332802,-0.19569925788917408,-0.11555278123919965,3.5008817885330528,1124.207312432762
98.mat,Normal,109,0.06371407618021066,-0.17985087393115579,-0.1729731546144717,3.408487235542263,1146.770923123801
98.mat,Normal,110,0.06390902033350856,-0.15207882401196104,-0.17480456716192005,3.087985902714266,1151.52618239663
98.mat,Normal,111,0.06523614635118151,-0.20057427406324058,0.014221444279578499,3.4824582160812954,1221.769911723882
98.mat,Normal,112,0.064987133975374,-0.23138459167915829,-0.10731416736607535,3.2967756368696977,1131.2180490804158
98.mat,Normal,113,0.06908560112328237,-0.10627403609618409,-0.18340036499060952,3.1797074416128783,1097.1525066025388
98.mat,Normal,114,0.0662102268197954,-0.3384657403572122,0.12613063208330733,3.733701614435803,1158.9019072051954
98.mat,Normal,115,0.06812088742283252,-0.1724217077250036,-0.025206111751444826,3.622853567190628,1181.556999236311
98.mat,Normal,116,0.06360398153536953,-0.19613963208169308,-0.19564963842840255,3.3258295297499094,1215.334177119749
98.mat,Normal,117,0.07244835071654256,-0.21795055341424563,0.3529421823406951,4.774219209566214,1094.4117903305319
99.mat,Normal,0,0.0639050498293981,-0.23709625328295503,-0.07202764280520402,3.365656737811002,1147.5798941823982
99.mat,Normal,1,0.06577629721002483,-0.19601529974741985,-0.02361846133371337,3.602925171758653,1136.646824132863
99.mat,Normal,2,0.06358029400636954,-0.2169949141491335,-0.17890742924518,3.340193134639894,1148.630120389317
99.mat,Normal,3,0.06379336874021135,-0.13421302602647925,-0.07441212791228002,3.087043794142648,1129.5825485995795
99.mat,Normal,4,0.06483774106233058,-0.18154438454092625,-0.1407058218441648,3.1531492857923493,1142.4213201795176
99.mat,Normal,5,0.06691109150780673,-0.1948354809203117,-0.059725625723502596,3.541820520076658,1155.6875779928098
99.mat,Normal,6,0.06476156456212798,-0.1578085375988599,-0.0009895288531320823,3.54019099511351,1138.243780116342
99.mat,Normal,7,0.06486926401728788,-0.1799544347077891,0.007355117534927569,3.534313378847753,1141.6227364578374
99.mat,Normal,8,0.06365788492966501,-0.1570622278461324,-0.12506024892588208,3.7097150752893873,1145.8730307400258
99.mat,Normal,9,0.06434856802929684,-0.19460829811782118,-0.20750698464809814,3.3781207170027856,1141.0376024500226
99.mat,Normal,10,0.06500228969602645,-0.2059041831263773,-0.05953989537494797,4.245975874647158,1136.6642466979924
99.mat,Normal,11,0.06479178079026064,-0.2550990356678366,-0.05729823202919038,4.037606145670501,1139.9452070194823
99.mat,Normal,12,0.06430383801120607,-0.15033607058297127,-0.0659722948278727,3.7795088223905022,1183.9811338629872
99.mat,Normal,13,0.06577619092072638,-0.2455369663091869,-0.11440619407567887,3.7678538914144224,1143.430985515073
99.mat,Normal,14,0.063451872427895,-0.21217737590359292,-0.12601680218401912,3.4620254941984463,1147.4800863180715
99.mat,Normal,15,0.06341434715468657,-0.1358517457439277,-0.10358085998416611,3.543027395404868,1149.588955966096
99.mat,Normal,16,0.06697314514739668,-0.14705899725972474,-0.05015676357411625,3.51361957585026,1136.3418947344508
99.mat,Normal,17,0.06399889026393114,-0.13673548700714902,0.010611676866258968,4.165860696005214,1208.2299134049506
99.mat,Normal,18,0.062043098719436814,-0.22301484249486708,0.04357759891726687,4.387967115475308,1143.7294267077664
99.mat,Normal,19,0.06496268151067942,-0.1742375960867558,0.054019655505674447,3.7315435768030323,1110.46690985633
99.mat,Normal,20,0.06399716936101942,-0.24884315112464941,-0.026563083283246858,3.4390463354350604,1133.7889044617102
99.mat,Normal,21,0.06280306392254639,-0.1307168464697568,-0.11543457030438509,3.461252002566582,1151.3575255758894
99.mat,Normal,22,0.06505033211940046,-0.1787792987929137,-0.1688451617092781,3.1877422535994806,1122.757025945736
99.mat,Normal,23,0.06509470334899427,-0.2408048981898745,-0.033659936336502216,3.461181997814518,1111.686973751835
99.mat,Normal,24,0.0643683700341264,-0.056168661369423785,0.07394998738877856,3.8210931600588656,1121.280548244442
99.mat,Normal,25,0.06499446591826889,-0.2319341137700871,-0.1326278502956435,3.777864841617081,1129.8541366342154
99.mat,Normal,26,0.062367347349056,-0.157519359591811,-0.1602749137596473,3.1676634910424726,1173.4163216792344
99.mat,Normal,27,0.06281773063567894,-0.2430967814257231,0.011188376090203622,3.423913270376882,1187.9936905087122
99.mat,Normal,28,0.06418672377449763,-0.09067907269387755,-0.0940828401616618,3.766904065997769,1177.0872035544094
99.mat,Normal,29,0.06720786424865585,-0.07156771324407593,0.16876458465661326,5.345143701912487,1137.932872799626
99.mat,Normal,30,0.06581434331778546,-0.18351819484298534,-0.13943234899836732,3.36628046855658,1130.1909146248533
99.mat,Normal,31,0.06284971241731471,-0.12001319908154867,-0.05320931892692027,3.6877128533024224,1134.7456366794618
99.mat,Normal,32,0.06250110171080836,-0.12747677601093482,-0.18076320436107496,3.6882549857538915,1136.3214861239212
99.mat,Normal,33,0.06305247591254899,-0.16154581283077082,-0.22338237130091398,3.179564033194203,1149.449734021893
99.mat,Normal,34,0.06516772474249029,-0.19456402097632258,-0.17271337208675774,3.082762459153771,1148.0250612471298
99.mat,Normal,35,0.06326830240877601,-0.24071190267759007,0.05268678491499612,3.481962337641106,1126.1337318239498
99.mat,Normal,36,0.06558526418468077,-0.10805367239300492,-0.05649215008138331,3.9855763359741547,1156.287129542646
99.mat,Normal,37,0.0646353568919857,-0.22491649977798306,-0.16617271782252585,3.453503968601726,1133.5141392467142
99.mat,Normal,38,0.06264530308787637,-0.2333472525462142,0.07898910279608184,3.6098329128659152,1145.9367995174691
99.mat,Normal,39,0.06340682998411545,-0.16014314067543667,-0.1815615075541186,3.4151331849426487,1158.62530594552
99.mat,Normal,40,0.0650686770381133,-0.26102699710311755,-0.04104341510145737,3.6645494494335047,1150.4360952142022
99.mat,Normal,41,0.06462978317335552,-0.22050743730366812,0.040772266717914896,3.3375991238237095,1150.5458543896252
99.mat,Normal,42,0.06529242845406061,-0.12794788455424483,-0.13024003415440433,3.1950930537399946,1142.989606296308
99.mat,Normal,43,0.06293037082140164,-0.10696509834423787,-0.019155122104685507,3.5338104177255327,1158.503990854248
99.mat,Normal,44,0.06534609049652412,-0.19160631767145753,-0.17363924576433476,3.297820736791517,1144.0448498521612
99.mat,Normal,45,0.06246592643645515,-0.15573838565184056,-0.16964215177640263,3.08251251497691,1197.5574212771228
99.mat,Normal,46,0.06637846306599945,-0.258091376539632,0.04628598021781194,3.45081343748409,1177.9791739268048
99.mat,Normal,47,0.06608122279267847,-0.13411391152774457,-0.011512949597535904,3.8704256781216664,1188.5629807821251
99.mat,Normal,48,0.06570635952588515,-0.16532805281089885,-0.1212437529323509,3.3876875387826746,1136.068727252668
99.mat,Normal,49,0.06423296777613122,-0.21298588201265564,0.050831478923612394,3.627784807134124,1114.3182784575072
99.mat,Normal,50,0.06272529760782486,-0.18404004138784577,-0.2550287876567334,3.0331817946687036,1134.3712231523107
99.mat,Normal,51,0.06298113226760974,-0.08383142124235378,-0.2699862753844364,3.421654780546405,1126.597228310646
99.mat,Normal,52,0.06363931815338048,-0.26821199931209766,-0.16413404460437908,3.2780895626912545,1126.8189312112645
99.mat,Normal,53,0.0645258063146373,-0.11082542389517111,0.2304125202859848,4.118910172219116,1141.384535746615
99.mat,Normal,54,0.06317275334003666,-0.10762842572273082,-0.16575094179663497,3.282486219834786,1137.029327491903
99.mat,Normal,55,0.06344410271866514,-0.19746082511507704,0.11115158164967864,4.399579671780366,1141.0374191545818
99.mat,Normal,56,0.06465832514181878,-0.2059917655204031,-0.18044802316961084,3.213521578562163,1137.6358851616312
99.mat,Normal,57,0.06741256513370397,-0.18831217995497593,0.2557411914527554,4.84924890551107,1095.058028063481
99.mat,Normal,58,0.06432702571762033,-0.22114946189620902,-0.10137187586973928,3.256016329330676,1117.4477184240486
99.mat,Normal,59,0.06566128906173911,-0.16306412017641397,-0.0977103341340948,3.253395674965992,1117.062667247023
99.mat,Normal,60,0.06378813445726914,-0.13406495046169534,-0.22473614642349782,3.2279261083159074,1134.3767679513555
99.mat,Normal,61,0.06194099913775404,-0.10140666058749662,-0.2462987151694902,3.112003649730033,1156.698166911705
99.mat,Normal,62,0.06466658893466325,-0.1046932172224493,-0.12908226429608405,3.2131109201825585,1127.5989212365105
99.mat,Normal,63,0.06396085300429316,-0.2768201733416881,-0.04276762688690594,3.8095609702768374,1130.8027346349998
99.mat,Normal,64,0.06387982438746807,-0.14468804637115,-0.2253326417397239,3.3539228082479062,1164.8751713389308
99.mat,Normal,65,0.06625995774960108,-0.20372123477747692,-0.15421259690873867,3.016203831834494,1181.0668509693783
99.mat,Normal,66,0.06203115041702692,-0.09289547288116734,-0.13703152252606055,3.218462365033336,1222.6799687848732
99.mat,Normal,67,0.06494823317150387,-0.10165107407900825,-0.18442946054593135,3.2505698603576163,1178.543792359132
99.mat,Normal,68,0.06485325592115405,-0.16668106840743135,-0.022939754400026047,3.3936496732994605,1143.9704591805705
99.mat,Normal,69,0.0650644159163834,-0.13596523269358465,-0.09783365994762017,3.1966711071199536,1122.1031999373156
99.mat,Normal,70,0.0639463736240862,-0.17053299859807167,-0.10231394805776306,3.3797935084176856,1124.2019018839992
99.mat,Normal,71,0.0652735000310107,-0.2189452135758666,-0.11034342881052028,3.5635618395772446,1129.4467010849066
99.mat,Normal,72,0.06285931572920574,-0.19264324458914844,-0.15390157412322258,3.3320414599507235,1156.7307157888386
99.mat,Normal,73,0.06402065385392339,-0.18230812508219396,0.01594872999791619,3.41823341824753,1172.545519882541
99.mat,Normal,74,0.06329581643947664,-0.1311677956195675,-0.12206787384982931,3.299175391784024,1159.9626506544098
99.mat,Normal,75,0.06510339001972174,-0.20959005701212308,-0.15332060858488816,3.755522265356156,1138.243005430166
99.mat,Normal,76,0.06323417654044634,-0.19056321993523717,0.03928967998534372,3.612506063200388,1199.8151334055915
99.mat,Normal,77,0.06562256987989806,-0.1562196611844233,-0.11020618498627899,3.4714885506150166,1135.8064147577504
99.mat,Normal,78,0.0629385415011595,-0.2099556080098399,-0.23696430314020933,3.241667844338074,1149.24834059905
99.mat,Normal,79,0.06396951600512914,-0.12906159899055963,-0.12606807707721757,3.3622649500930413,1135.7888248221827
99.mat,Normal,80,0.06430298573563796,-0.1542061819161851,-0.13155146261182793,3.399980896310926,1127.3277699722626
99.mat,Normal,81,0.0653760496455569,-0.22475036189260758,0.044750175342973986,3.3090735065674983,1135.9220879630388
99.mat,Normal,82,0.06555688956104962,-0.1566737133629554,-0.02908832983054621,3.478148779042906,1129.3694128706438
99.mat,Normal,83,0.06401784112554165,-0.26982661669435737,-0.06359011856837515,3.613906021678641,1130.7625464773803
99.mat,Normal,84,0.06283665473199766,-0.12594023855545597,-0.12148416992354472,3.479321488538646,1167.81584129532
99.mat,Normal,85,0.06514031883298262,-0.10520722661533491,-0.31161773574301055,3.7245702301482475,1152.8744599542963
99.mat,Normal,86,0.06451634697836212,-0.11161826315003077,-0.13994731438885522,3.566580874579624,1105.5165024050311
99.mat,Normal,87,0.06348162379257548,-0.14529846753742084,-0.10480318105849529,3.545845026514999,1151.407240608877
99.mat,Normal,88,0.06406431367516427,-0.17986981596737361,-0.19135459525649745,3.021886379751036,1131.2874843934637
99.mat,Normal,89,0.06393357689670186,-0.19994678631611262,-0.12902336851392304,3.5273050831114117,1149.2343814616179
99.mat,Normal,90,0.062048071462409905,-0.2367024083336046,-0.05567233219420231,4.014415973938393,1203.459246442913
99.mat,Normal,91,0.0650884632790234,-0.19844304581027336,-0.08961668751079266,3.416642347917738,1171.4091076105253
99.mat,Normal,92,0.06457231995740004,-0.06593940528611841,-0.1450061450890936,3.443952457441706,1149.496649996922
99.mat,Normal,93,0.0632045008442711,-0.2394284013631689,-0.08421272591482998,3.2214258900055945,1137.4241834305883
99.mat,Normal,94,0.06474076256380741,-0.1266415235725875,-0.07834680516073789,3.7830024213427813,1118.122053709257
99.mat,Normal,95,0.0638120129094169,-0.12036700651647314,-0.12246305983826433,3.4882556627792387,1120.974743924559
99.mat,Normal,96,0.06355356217485941,-0.1261299555702893,-0.12064363010797008,3.4236609044066926,1159.2339522634068
99.mat,Normal,97,0.06365119184904476,-0.13861124654141976,-0.13543873603604872,3.3725249211095853,1126.432216536497
99.mat,Normal,98,0.0651970171774898,-0.13145072246139966,-0.158825635352438,3.2797630702742846,1119.076248997405
99.mat,Normal,99,0.06344395065416904,-0.2274737822990361,-0.012828696930033967,3.3671004350060323,1130.608139415923
99.mat,Normal,100,0.06581067464438735,-0.15679660613204274,0.030120642262791097,3.788069123473812,1138.287854786491
99.mat,Normal,101,0.06516966980750304,-0.06640426215082072,-0.16625878581922393,3.3419604883955802,1142.2045968076602
99.mat,Normal,102,0.06363141228510276,-0.039534630074456484,-0.04713809141176384,3.6489669919094756,1138.2542023631822
99.mat,Normal,103,0.06448894038741818,-0.14433934911827245,-0.04436923287334826,3.4289958303524974,1162.3872139829832
99.mat,Normal,104,0.0640869831562865,-0.1377791771524725,-0.03692378222069381,4.059223446062093,1142.7656588425532
99.mat,Normal,105,0.0645220344877903,-0.14063236387119887,-0.008081742380744661,3.404604361035286,1169.0508340915358
99.mat,Normal,106,0.06488644250084595,-0.06933930867943244,-0.13226328586047842,3.0639753679802917,1146.488852879165
99.mat,Normal,107,0.06460802619309378,-0.2135327958309745,-0.09362863389793619,3.735882586454883,1119.3668555550403
99.mat,Normal,108,0.06279016727533973,-0.18995011395604852,-0.12187904171551844,3.5151216583836167,1150.8825396949621
99.mat,Normal,109,0.0647423133736014,-0.11145339848829618,0.05527092363493713,3.5766883334369157,1132.5079874444666
99.mat,Normal,110,0.06483446566927198,-0.16049071923028135,-0.20028636402026123,3.6681344714814696,1131.7015439469842
99.mat,Normal,111,0.06400160039919536,-0.1907004841791996,-0.08132359437663528,3.3670984938433133,1135.2602510359836
99.mat,Normal,112,0.06562190417464919,-0.18767027707372427,0.20486544960054642,3.7258478528528283,1153.1906611864129
99.mat,Normal,113,0.06521319823531786,-0.13895522886906497,-0.01592245642356316,3.9571319572158834,1196.8520783284112
99.mat,Normal,114,0.0652991955912822,-0.14514814102760035,-0.16082131039545278,3.274630985796046,1199.0736858114042
99.mat,Normal,115,0.06487025585458508,-0.1391410367126842,0.09019128177726321,3.6371677110214953,1135.1006976740666
99.mat,Normal,116,0.06315878344362834,-0.1081277898920176,-0.09431392851497611,3.597000155155343,1149.6036359213922
99.mat,Normal,117,0.06337822324307868,-0.11505873227206251,-0.13532135944095014,3.5977123326743983,1166.6068250921574
119.mat,Ball,0,0.13935246055045006,0.012109408648410602,-0.1426960280204086,3.422325942680482,2761.106826629026
119.mat,Ball,1,0.13628550590687993,0.027927706122773677,0.052518065928953916,3.696000788737734,2749.722895556031
119.mat,Ball,2,0.13814308153720226,0.005118356521301802,0.08428878309253829,3.7297867240508142,2752.113684998496
119.mat,Ball,3,0.13815398165843426,-0.001317450289138319,0.08164462593146338,3.5978079751250016,2748.0697323035865
119.mat,Ball,4,0.14199052008687438,0.004297083755950084,0.07514014165831417,4.505015831527297,2742.2015666204743
119.mat,Ball,5,0.13882628675920466,0.02027809221199587,0.13463686710187828,3.769934356392711,2720.2612024142095
119.mat,Ball,6,0.1342842683043225,0.03143346754068645,0.0022709435114967036,3.9458337145849938,2755.2044325566853
119.mat,Ball,7,0.13289749377887936,0.025132608858514423,-0.13638877832962581,3.4125465374848485,2738.6242188847373
119.mat,Ball,8,0.14043785144242713,0.059796598283432735,-0.1408531034946474,3.493033301050403,2748.5522538821947
119.mat,Ball,9,0.13813880145965424,0.028980762103356785,-0.05208659690148876,3.5111879665964176,2746.0853287794384
119.mat,Ball,10,0.13903927017022577,0.011720426574971994,0.1715779690311332,4.744336337990261,2768.671124341704
119.mat,Ball,11,0.13970438493669385,0.03414063844307938,-0.07773044280649843,3.561368547026395,2744.184980523899
119.mat,Ball,12,0.1427957657543805,0.014711574429402585,-0.08713081843256143,3.6514861887707664,2751.00993240518
119.mat,Ball,13,0.14003575332883636,0.02989085058763141,0.05151184226620842,3.6515373843306675,2753.0029504917966
119.mat,Ball,14,0.13490989600094147,-0.011553511451095184,-0.030962644929785288,3.4290683131041004,2738.6708266606033
119.mat,Ball,15,0.13965014951256438,-0.016331538917638014,-0.01706977650760333,3.6779042631337133,2756.6316487153313
119.mat,Ball,16,0.138245088654574,0.0396342063789488,-0.040051941645043776,3.9573305807125836,2754.8961862339365
119.mat,Ball,17,0.14348910947743124,-0.028548715366925683,-0.15597770786999776,3.405170413552058,2785.8212068267535
119.mat,Ball,18,0.13838990987027996,0.024505086015975248,-0.11411366775823506,3.75247812696179,2761.7759230431543
119.mat,Ball,19,0.13880334666633481,-0.010438552543247244,-0.056660201121162324,3.8080055335138825,2749.608659575896
119.mat,Ball,20,0.14411893503766957,-0.00338995815284269,0.049093675190587494,3.900861353749195,2757.31223629106
119.mat,Ball,21,0.14153829217711048,-0.002078006947522297,0.04544747376572866,3.4486608349030066,2748.8616448663347
119.mat,Ball,22,0.13726005617009085,-0.015486570531371294,-0.1346500785455249,3.798750933198899,2733.7495048428405
119.mat,Ball,23,0.13436721228963844,-0.043568223702993354,-0.09104906616460129,3.445335449563227,2741.5927504824294
119.mat,Ball,24,0.13930975773688176,0.010647920386685635,-0.06731057956138242,3.4198769940349343,2760.401064185142
119.mat,Ball,25,0.13870573094663455,-0.013035563560427932,-0.20160557622012032,3.0916440120268507,2758.505809253816
119.mat,Ball,26,0.14217782157047884,0.012186601568578108,-0.16462205592649637,3.4948422784065167,2763.131298723649
119.mat,Ball,27,0.14156001878530833,-0.002169282733029991,-0.16424422377895231,3.437804352376237,2765.0984476918175
119.mat,Ball,28,0.13812022354996623,0.004053550650797128,-0.002053684518498855,3.831543557436852,2786.398253076936
120.mat,Ball,0,0.14352064399062892,-0.026533051723448362,-0.3232545422597828,3.283320770272002,2750.6261061514974
120.mat,Ball,1,0.1449549887110329,-0.0005084231054482027,-0.26724064203939024,3.2116113144914062,2757.4076045042157
120.mat,Ball,2,0.14490980885270854,0.005613128591104944,-0.2764942284484526,3.448009924502066,2745.231113268679
120.mat,Ball,3,0.14875990301453051,-0.0014827359141448909,-0.2599535817391958,3.243026686312228,2765.267455589574
120.mat,Ball,4,0.14612907551371396,0.0257481379614721,-0.3394989489839535,3.0913224778869486,2792.6476934560264
120.mat,Ball,5,0.14650646730795497,-0.0018314722152863662,0.06806427046949937,3.8683354945239206,2762.7256557027804
120.mat,Ball,6,0.14598204146822913,0.028304393706014785,-0.29133384922758143,3.2635674274539346,2748.1163147638404
120.mat,Ball,7,0.14900098297504008,0.03160301587894226,-0.22965560680760655,3.154927276874466,2750.4808647155396
120.mat,Ball,8,0.14787390456286886,0.012436325631212653,-0.16739308892168436,3.7347998806845726,2752.698472164609
120.mat,Ball,9,0.1510461495484729,0.019915904083995135,-0.17887827948709223,3.4197741161821793,2756.4263821163554
120.mat,Ball,10,0.1495963093769269,0.04462811848402937,-0.21279253271750953,3.4702906563199547,2756.326227153223
120.mat,Ball,11,0.15349020699377017,0.03194600755116973,-0.13345833228894755,3.397068625285189,2779.0339459734782
120.mat,Ball,12,0.1451968656595168,0.041190902954445184,-0.15607631199669436,3.780166334170716,2762.038053856396
120.mat,Ball,13,0.15089814320256256,0.03042154039387916,-0.004247603724001792,3.570602751725255,2793.8299839991014
120.mat,Ball,14,0.14780726021656512,0.028467000709615654,-0.20132703616382708,4.0903508529174015,2775.6082135468796
120.mat,Ball,15,0.1477166406316016,0.03971200139258351,-0.15352536855151966,3.5848264670108243,2772.0777131778586
120.mat,Ball,16,0.1462241179371313,0.03152095443819737,-0.07345036952360484,3.442567985141124,2759.347787409947
120.mat,Ball,17,0.14606561200731127,0.032297248732343416,-0.16466482381044578,3.778812571097539,2742.4085535108675
120.mat,Ball,18,0.14617010010724849,0.04142908058736053,-0.24548918675808773,3.49051373803957,2736.4399909052227
120.mat,Ball,19,0.1466009218708461,0.0713999083262976,-0.1558245489312502,3.533440459527755,2730.2649581201526
120.mat,Ball,20,0.1553306562510116,0.04220882037347257,-0.029261052116070996,3.447797335569444,2751.180103901164
120.mat,Ball,21,0.14683033062030523,0.04298370574296227,-0.21744539770382332,3.866440782668951,2740.0869504421375
120.mat,Ball,22,0.14535574704542886,0.023946709849708835,-0.15327882842177853,3.606174329721069,2780.1223870868093
120.mat,Ball,23,0.14299599620226197,0.03401813566101999,-0.1685154851479731,3.4862053932511925,2748.1221907532376
120.mat,Ball,24,0.14578455304490695,0.030266451666200848,-0.17645157932379663,3.595567244433563,2731.718064258351
120.mat,Ball,25,0.14443283207841343,0.01894583948751642,-0.15144057564155622,3.8024122753096363,2719.411979689882
120.mat,Ball,26,0.14764696331347388,0.049609045583893,0.01108060818043688,3.7581430104697313,2743.3975086503874
120.mat,Ball,27,0.14425337694861046,0.028861158397917565,-0.2231999868892358,3.413028441052766,2756.395978812931
120.mat,Ball,28,0.1471686703704413,0.019197306002847615,-0.13730440324325777,3.558439829382437,2726.677169841941
121.mat,Ball,0,0.15389417026438665,0.05009571247151127,-0.1443240790447624,4.0541713325557724,2663.5974301053047
121.mat,Ball,1,0.15555760242750585,0.018666370950218614,-0.27029679461313805,3.2381017029372945,2675.397285967248
121.mat,Ball,2,0.1542950763218177,0.030804944940532077,-0.08297510175916845,3.950994785113348,2671.511010452801
121.mat,Ball,3,0.155276769403265,-0.024049733861684304,-0.10603187232404343,3.782699958267975,2675.612141807087
121.mat,Ball,4,0.15211463557934585,0.029339388387943477,-0.2241795931428725,3.390413650612419,2696.0257081904165
121.mat,Ball,5,0.15763147352492343,0.026135862305910366,-0.19624128267449148,3.480941058238068,2709.5590449163697
121.mat,Ball,6,0.15513201931779175,0.0188541136268269,-0.2846619080671928,3.1873016099741576,2680.4715164690306
121.mat,Ball,7,0.15207489021915147,0.000735288083679278,-0.13222336973212956,3.443637917665138,2683.498938404682
121.mat,Ball,8,0.15395202695884483,0.0348420673724194,-0.179742169808756,3.858508921223074,2671.720389243519
121.mat,Ball,9,0.1540287372456572,0.013080309050198677,-0.12370029797087634,3.544432557329668,2694.8127230238497
121.mat,Ball,10,0.15576356706558372,0.037740918340786876,0.004443451987141689,3.390244694152916,2701.8490601557132
121.mat,Ball,11,0.15524443601764856,0.010842137988017019,-0.23265900295703723,3.193364146794321,2689.7681216410606
121.mat,Ball,12,0.1558700839312917,-0.0005285019428113793,0.007876458620831972,4.015283363586965,2709.6804075566297
121.mat,Ball,13,0.15920453559238748,0.0074878089350631435,-0.2416587015600049,3.66284863429699,2709.0310236332357
121.mat,Ball,14,0.15631679448789573,-0.004906722480267287,-0.13591980620164135,3.4187726187520373,2713.072972057658
121.mat,Ball,15,0.16157990280156875,-0.003988380114893745,-0.19233621441404436,3.5989485968759474,2712.71911692402
121.mat,Ball,16,0.1552059225651718,0.029373165247539128,-0.2103003124497178,3.5322013091610702,2693.762545808573
121.mat,Ball,17,0.15661209688490338,0.020980093110433806,0.006775884972298307,3.7680794656685976,2726.0974600693007
121.mat,Ball,18,0.15120443895604993,0.04028291197502761,0.43775708846957917,4.765483344959108,2729.9887954256974
121.mat,Ball,19,0.15176415198359694,-0.0006904297398069966,-0.07847934359047848,4.100368722800802,2713.927445674351
121.mat,Ball,20,0.15181972365413088,0.054982268436633557,0.017502601699443066,3.6398716719848907,2678.1633725039414
121.mat,Ball,21,0.15245048313465248,0.02469903054115173,0.034545771514324475,3.651449166803111,2719.837497535031
121.mat,Ball,22,0.14819498208188867,-0.005963495534747601,-0.00653579035043883,3.9174278746619224,2720.2823209786548
121.mat,Ball,23,0.14938885015552358,0.05180210957443841,-0.19148639465362916,3.9807188378580074,2678.461658639609
121.mat,Ball,24,0.1479938316232112,0.04111685500692577,-0.06182653345852396,3.637381464185646,2692.1301674497254
121.mat,Ball,25,0.1533858893167588,0.019723747517130633,-0.18074605568751645,3.382435025165851,2693.772213894021
121.mat,Ball,26,0.15806540556781104,0.0638522302252702,-0.08322155821491428,3.520711900823073,2703.487917205429
121.mat,Ball,27,0.14265784054193686,0.004660561968611154,-0.14318003724678796,3.7404141207418844,2681.539807672083
121.mat,Ball,28,0.1499069612488236,0.005031802768293365,-0.20648112674235497,3.270223193592574,2708.477806655048
106.mat,Inner Race,0,0.29353910463871546,0.1447960735338892,2.420329917902034,5.385376795300864,2729.9476000061372
106.mat,Inner Race,1,0.29444814357652155,0.16678382532380534,2.3669690471208833,4.76302853583849,2723.922168976919
106.mat,Inner Race,2,0.29085442094555386,0.17322877003334075,2.3935206214669176,4.622503465793813,2701.5238639889913
106.mat,Inner Race,3,0.29022036762310693,0.13641959741084952,2.309382921967642,4.860958289559018,2676.502944039046
106.mat,Inner Race,4,0.28936695855450284,0.1546677624761117,2.6125964278671274,5.326055603158156,2709.730825529755
106.mat,Inner Race,5,0.289278037819361,0.09573765309336113,2.541643047948927,5.078939830960996,2703.103584135868
106.mat,Inner Race,6,0.2938424548417753,0.12072192142669697,2.4074817450398465,4.793852698611188,2743.7650594264937
106.mat,Inner Race,7,0.2922891028345403,0.10679065149847079,2.562160650734355,4.8209965299208655,2724.0722986593573
106.mat,Inner Race,8,0.29176096846657523,0.17743055257371285,2.6439422507083554,5.404279443814138,2733.4058811525397
106.mat,Inner Race,9,0.2953024291459894,0.12070381734027409,2.7289916361002504,5.014930226368659,2731.8116157180493
106.mat,Inner Race,10,0.29089916272086325,0.1462135579417663,3.074459772135592,5.172923248872052,2737.780652183951
106.mat,Inner Race,11,0.28664273449217936,0.16002580921997436,2.6723322371750724,5.158501535535298,2730.948093752479
106.mat,Inner Race,12,0.29541856001721023,0.11060040641470367,2.7800795433076084,5.344516813655391,2723.3192476537783
106.mat,Inner Race,13,0.2920891065826525,0.10446351427751718,2.7386171637017007,5.3336988413173625,2740.7397081856234
106.mat,Inner Race,14,0.29331666843803367,0.1267171862617424,2.548915312302525,4.96082919516377,2739.5685581788725
106.mat,Inner Race,15,0.29565157051320845,0.11866428609482077,2.762007017313624,5.116693142023643,2712.7004004115706
106.mat,Inner Race,16,0.2985577779104431,0.14040719880568475,2.305354680262644,5.072327122641971,2715.9339001719823
106.mat,Inner Race,17,0.2927458410716859,0.12387230679968579,2.873923096837637,5.10644487221233,2730.9464595377813
106.mat,Inner Race,18,0.29295240764413893,0.137389081560847,2.393857335495274,4.969769934892698,2699.274228843531
106.mat,Inner Race,19,0.29301111961721105,0.14591541568080824,2.3672591558624054,5.058581260733738,2734.6955301829303
106.mat,Inner Race,20,0.2916939228205522,0.09914632352163474,2.1183416316060333,4.564650321159246,2718.2235856455136
106.mat,Inner Race,21,0.29159838011005906,0.12657631056555088,2.6406311608491446,5.0780756812012555,2717.2766653585077
106.mat,Inner Race,22,0.2923703423397451,0.11037159048453997,2.0239650121953243,4.5996472431497475,2716.311117552
106.mat,Inner Race,23,0.2926334640558291,0.11684230724463544,2.538395813288825,5.045126670577608,2728.3445473788834
106.mat,Inner Race,24,0.2913485089329283,0.12465850935284874,2.8284523930358096,5.172192931832379,2695.566495712007
106.mat,Inner Race,25,0.29407195866666885,0.11905851485647441,2.4486672556686493,5.099435949499258,2723.6484597966005
106.mat,Inner Race,26,0.29580378815666925,0.13231762619826906,2.3942065973613778,4.688483357048862,2759.8279227850435
106.mat,Inner Race,27,0.2964782459388203,0.13361658795792472,2.363857497387234,5.201044959450229,2751.7620832187836
106.mat,Inner Race,28,0.29409598966751743,0.11145106595973368,2.744509526158015,5.223291292386343,2721.201688822993
107.mat,Inner Race,0,0.3012144506048171,0.08462440524768869,2.513405191975356,4.817814836532244,2723.275865312857
107.mat,Inner Race,1,0.2992722121475049,0.0876280832778079,2.5771727124010804,5.106353475429221,2723.5874169668004
107.mat,Inner Race,2,0.2949478600264158,0.0777350965946967,2.449733659530825,4.925132751054236,2719.797475414958
107.mat,Inner Race,3,0.29584909892827416,0.07378076775383113,2.8403513706962595,5.197281126404687,2723.098894186297
107.mat,Inner Race,4,0.29684612780115655,0.08106995109566852,2.473686012291041,5.135501358589159,2708.4772941996143
107.mat,Inner Race,5,0.2926045930843859,0.09803437087604339,2.3392532288496843,4.686451948052609,2682.591135802707
107.mat,Inner Race,6,0.30429904744457503,0.09637443650895504,2.5276017595855134,5.01986441596754,2753.854449976428
107.mat,Inner Race,7,0.30261746883815843,0.1094032532259279,2.732759165194641,5.418128060801661,2737.464093643612
107.mat,Inner Race,8,0.2941593947869621,0.08389997510824483,2.4553453334935122,4.918454845362391,2687.8892958678707
107.mat,Inner Race,9,0.2970756159814117,0.09874420396387716,2.5231547829894065,5.058265654908431,2695.4099743249485
107.mat,Inner Race,10,0.2975023610715593,0.10582023522245412,2.833500276116041,5.340933878301433,2738.4854296203107
107.mat,Inner Race,11,0.2964490799329473,0.0826784781423324,2.470170556665713,4.668962847960361,2708.0699418957947
107.mat,Inner Race,12,0.3015666692594377,0.06826675037356837,2.513922677854766,4.968392695406131,2736.8484895752395
107.mat,Inner Race,13,0.306725741253277,0.08929485786275863,2.704227267332585,5.094538012098121,2754.1571467421845
107.mat,Inner Race,14,0.30458092145079213,0.07374067537692103,2.5926265823706913,4.615238558208766,2741.1209781312655
107.mat,Inner Race,15,0.2971669887369197,0.0902372111221824,2.4050166469618555,4.961053190299363,2701.6945841375846
107.mat,Inner Race,16,0.2977505545834666,0.07445779896999163,2.5055451022314106,4.788213193177711,2706.407715480665
107.mat,Inner Race,17,0.30049192780887296,0.10728204525242165,2.519986849922377,4.748314505633742,2696.70242958937
107.mat,Inner Race,18,0.301555657481542,0.10875781967098289,2.5321197813780216,4.52741386738078,2727.295092943998
107.mat,Inner Race,19,0.2998729966819039,0.10503158132895905,2.7733347781670723,4.915202047448692,2738.691148351634
107.mat,Inner Race,20,0.2965912492637261,0.06754560464207804,2.3225440364599397,4.594979595339099,2697.578335718165
107.mat,Inner Race,21,0.300766157849845,0.0857729110436823,2.569520732519285,4.465848476526142,2731.524461268627
107.mat,Inner Race,22,0.29714203112980947,0.10735679300471217,2.675593572586502,5.073534812256714,2716.6211330323486
107.mat,Inner Race,23,0.30393213215003323,0.0908221498664412,2.588716222536344,4.853298671446481,2742.625425440257
107.mat,Inner Race,24,0.302365311968358,0.08433830106994807,2.529415835114923,4.7248044319890985,2721.6850837585844
107.mat,Inner Race,25,0.3014146648780187,0.09882589439714205,2.7622295111414674,4.456778914515441,2716.985816731859
107.mat,Inner Race,26,0.3022676843943904,0.10984376846523487,2.595400202294706,4.939673639166436,2745.380081053888
107.mat,Inner Race,27,0.29987019161664047,0.07737842277478447,2.21120543934589,4.431523484355031,2729.474968046358
107.mat,Inner Race,28,0.2991038802365437,0.08778115546215902,2.5590844214425434,5.031567881552464,2736.806657895837
108.mat,Inner Race,0,0.32243808242053296,-0.004755060787484773,2.289069717607747,4.762152379489975,2732.6549268549525
108.mat,Inner Race,1,0.3092950413489374,-0.02133693168920702,2.1327234169443834,4.514435049329632,2742.810023215304
108.mat,Inner Race,2,0.3061231144856394,-0.020898280401787105,2.157600465848228,4.348433114762392,2719.792358696988
108.mat,Inner Race,3,0.30351112551438764,-0.030659049655730304,2.2829569985125104,4.512159402793939,2689.61446296148
108.mat,Inner Race,4,0.30621773528522134,0.0031996812757609044,2.351796403883607,4.568289736786066,2722.145650649089
108.mat,Inner Race,5,0.3063903536593347,-0.0028645022720213686,2.1195771768630545,4.423103636389112,2724.742964022799
108.mat,Inner Race,6,0.31423693982221573,0.0072757387007990875,2.2521830976317068,4.719472940927906,2743.351094065788
108.mat,Inner Race,7,0.3178514423342226,-0.004839647676067967,2.215098352070166,4.505337755512305,2755.3986547110303
108.mat,Inner Race,8,0.31541899374488186,-0.006146338102778952,2.2951972776117975,4.6847919895549355,2758.2122256806488
108.mat,Inner Race,9,0.31858761480839404,-0.009167925508144324,2.129040864641593,4.5759948650167885,2745.5633259911874
108.mat,Inner Race,10,0.3100516178712218,0.002126700365108652,2.202675582745396,4.6899264432836665,2728.950974215542
108.mat,Inner Race,11,0.3093767667106269,-0.02993027492439633,2.273589448115721,4.871319684914038,2737.306850706867
108.mat,Inner Race,12,0.31194794872310233,-0.03090030318032286,2.1892810190693206,4.795760161379085,2727.8043399054613
108.mat,Inner Race,13,0.30999577782161597,-0.03340351924706747,2.2642474085843904,4.288345832120913,2715.0006479859794
108.mat,Inner Race,14,0.317152647547631,-0.008947195655670996,2.2813544766661202,4.7585438812788325,2751.526394100914
108.mat,Inner Race,15,0.31689084695085024,-0.028028856727214276,2.2953507111592097,4.464147697928276,2747.564479655549
108.mat,Inner Race,16,0.3128964740045167,-0.027096852026122744,2.2778607032429727,4.818080625286927,2729.214571927997
108.mat,Inner Race,17,0.30872468103822026,0.009704640752426004,2.3383168137664834,4.637475788194882,2718.758245582761
108.mat,Inner Race,18,0.31060711647460787,0.02297468582749823,2.328487580590447,4.780378304949325,2752.224383342922
108.mat,Inner Race,19,0.31376710142629743,0.0176816495720814,2.3009798282314424,4.427830892261345,2748.6847879770307
108.mat,Inner Race,20,0.3149654596840804,-0.016810274356397384,2.3377567475522802,4.5270220115324715,2742.1951084944944
108.mat,Inner Race,21,0.3203698023648799,-0.024779115174227467,2.348939601157582,4.469922237431824,2751.8082962999924
108.mat,Inner Race,22,0.3269376540036466,-0.024737871071794437,2.375907380502114,4.604696840512407,2755.6453890663797
108.mat,Inner Race,23,0.3199914256677313,-0.031630125920758305,2.4113616325617935,4.742217635580081,2748.1673838653296
108.mat,Inner Race,24,0.3076982098134387,-0.026889857190245305,2.363584534717491,4.607546508752324,2714.6430876209515
108.mat,Inner Race,25,0.3118579398733359,-0.011665423754030405,2.296262885074988,4.42524844112024,2770.4795321021293
108.mat,Inner Race,26,0.3304422049589707,-0.0064487664204479845,2.4513939156253484,5.058244558189764,2824.172481950765
108.mat,Inner Race,27,0.320191904510369,-0.026349229415350013,2.2394496441224403,4.5520526866239885,2766.5772112152354
108.mat,Inner Race,28,0.3054821968685192,-0.017348190598598535,2.383077662520365,4.576098839398407,2709.8231470288406
108.mat,Inner Race,29,0.30547904748251153,-0.019880523496797545,2.2048301698099957,4.594225144159616,2710.0136052390794
131.mat,Outer Race,0,0.5955118390097514,0.057030836569695625,4.608577294681091,4.817040070920559,3216.8154789530668
131.mat,Outer Race,1,0.5959783939500987,0.024673416879832218,4.529096913396406,4.9577216891984115,3224.8939255398805
131.mat,Outer Race,2,0.6057109817219989,0.02046759230166846,4.5318159089025585,5.070474711945144,3214.9337999617564
131.mat,Outer Race,3,0.5853516138988311,0.04871636987809111,4.571642088644429,5.067151774479457,3216.8018773770773
131.mat,Outer Race,4,0.5882205359402353,0.049522334059632286,4.70683061873695,5.119068501666202,3218.1110075238516
131.mat,Outer Race,5,0.5960199048252914,0.04718952195361347,4.436533840780007,5.026190997962794,3225.3481030947487
131.mat,Outer Race,6,0.5846477925281829,0.011163242517081713,4.61025861992476,5.155907468879004,3214.5557969370707
131.mat,Outer Race,7,0.5905128411336571,0.037864479709438896,4.556686656239269,4.955470327550617,3209.9570549657783
131.mat,Outer Race,8,0.5819686320379891,0.00875895544758358,4.64590559553412,5.006593103681855,3228.086376495111
131.mat,Outer Race,9,0.5919649168824253,0.03156603467124099,4.497798604019863,5.230062600938249,3210.984797418891
131.mat,Outer Race,10,0.5947964642587709,0.05922257599301474,4.608550023649758,4.845363855705973,3202.9236593882674
131.mat,Outer Race,11,0.5834840305240087,0.03984382004736808,4.5523094293901165,5.250403415762606,3211.6482747322266
131.mat,Outer Race,12,0.597148492795587,0.05074894144926745,4.63733364249602,4.809277974340386,3224.2684529488315
131.mat,Outer Race,13,0.5988372191837499,0.007338216462683296,4.258127766540143,4.903537996330197,3215.497940368904
131.mat,Outer Race,14,0.5829839567988702,0.025236983014966772,4.387750681992029,5.057081880912803,3220.500490865198
131.mat,Outer Race,15,0.597445518422964,0.03357972812517834,4.590347664088897,5.156936035750953,3205.1360042816386
131.mat,Outer Race,16,0.5981641323256293,0.03027548484155503,4.483199531045269,4.950468032338729,3217.7323595434455
131.mat,Outer Race,17,0.5926022960862304,0.06467299753749929,4.285820219949776,4.849599051360998,3211.094209907319
131.mat,Outer Race,18,0.5969950566055392,0.024158378861397392,4.6334548890895,4.849286552322748,3223.156161724584
131.mat,Outer Race,19,0.5871838655332191,0.036041906044449984,4.476180301383716,5.0036208105166695,3243.3448228722887
131.mat,Outer Race,20,0.5978315639559526,0.013852403258345622,4.516304571393649,4.915862196006215,3232.6186847549793
131.mat,Outer Race,21,0.5995461977226526,0.0020944768162239604,4.595978478889456,5.023721949458329,3219.064714314713
131.mat,Outer Race,22,0.5827197122052131,0.02977958981674805,4.591255053886882,5.066343940659848,3221.995472509812
131.mat,Outer Race,23,0.6063630618411259,0.05638277264972644,4.418501082705957,5.132662725823808,3201.671001729083
131.mat,Outer Race,24,0.5855793231331077,0.047896416522136914,4.9667633943524985,5.0312008113697875,3222.1403278767275
131.mat,Outer Race,25,0.5871511447021069,0.01583803605271425,4.683261709561192,5.277091133616725,3225.253562833634
131.mat,Outer Race,26,0.5973915777656787,0.03093340691290997,4.726865628439213,5.180513794580381,3228.0840136439847
131.mat,Outer Race,27,0.5878803819176661,0.01778244047312438,4.81356187166098,5.050190778858371,3247.1281805425742
131.mat,Outer Race,28,0.5933254031138028,0.012839856882765514,4.774771547435026,5.121565963084022,3223.576859975388
132.mat,Outer Race,0,0.563751798657955,0.03496228864630518,4.716343724885045,4.847826764172164,3189.100513586511
132.mat,Outer Race,1,0.5584054654033832,-0.0017086607656273515,4.9499203695172485,4.929875389541211,3187.703696626049
132.mat,Outer Race,2,0.5578364546354576,0.012929013263191659,5.016021721111434,5.250114733242822,3205.9657725370475
132.mat,Outer Race,3,0.5702212502979337,0.04972225099818417,4.891863668291385,5.001488087175022,3200.1490499093798
132.mat,Outer Race,4,0.5599309749069625,0.052399480720856685,4.75406143894358,5.332010227022742,3209.045197210746
132.mat,Outer Race,5,0.5691078759301208,0.004118775705120431,4.696734567819902,4.693028745022022,3206.0316943404678
132.mat,Outer Race,6,0.5601223640693535,0.040533751286116006,4.914770786563229,5.022788996793994,3224.372172035313
132.mat,Outer Race,7,0.5683102171165597,0.023900550500090302,4.878624027948467,5.423457988252551,3215.4810450563086
132.mat,Outer Race,8,0.5692438737448987,0.0318728119510989,4.7307577917539225,4.845997854435556,3195.7669479389892
132.mat,Outer Race,9,0.5766034105087985,-0.01109780928260777,4.696058306691955,4.818654977707906,3207.58540588805
132.mat,Outer Race,10,0.5725840042526784,0.05851799432982231,4.7989771145806746,4.9950339612422185,3209.487515797407
132.mat,Outer Race,11,0.5777544056683074,-0.027483318837661357,4.861403206978276,4.873016732725511,3216.7611464845068
132.mat,Outer Race,12,0.5612203620771962,0.029332074733261188,5.1075136949640445,5.188068533048527,3200.8113533747496
132.mat,Outer Race,13,0.564074765443193,-0.02370329849791808,4.9849235826197145,5.315157831657277,3202.226591329448
132.mat,Outer Race,14,0.5700068029987381,0.022952979288543507,4.680469467454282,4.8494856654638925,3206.740225307789
132.mat,Outer Race,15,0.5683148310412964,0.03738381388881053,4.775496222829822,5.295509991800266,3208.191881869536
132.mat,Outer Race,16,0.5751923583538937,0.018902863686251756,4.80507519544128,5.074753235231965,3194.0402405509612
132.mat,Outer Race,17,0.5656051410088774,0.02914877216719327,5.035483472770258,4.927431765474727,3207.896503104314
132.mat,Outer Race,18,0.5692666806461001,0.017551926137446418,4.859732671555197,4.928552599036317,3200.2535555066975
132.mat,Outer Race,19,0.567973557677684,-0.0071056849165490295,5.091325672953303,5.291542092756193,3209.4352471504185
132.mat,Outer Race,20,0.5791731552789413,0.01752438835982704,4.685546550482201,4.799378445546023,3205.9281245359366
132.mat,Outer Race,21,0.5732257936747669,0.03170120011025856,4.901467541352407,5.229597747414199,3205.177529986111
132.mat,Outer Race,22,0.5721999288591325,0.04297889396542336,4.681539890771402,5.127551373150256,3199.426915653291
132.mat,Outer Race,23,0.5717907563741927,0.04785422295687527,5.094670201289388,5.423824502229803,3204.2504659578854
132.mat,Outer Race,24,0.5815047357359228,0.0028288973647927003,4.699054223621071,4.994525308697433,3216.163793606425
132.mat,Outer Race,25,0.5801960124253959,0.024373766142310686,4.8700200431049385,5.022589202850849,3201.072921093813
132.mat,Outer Race,26,0.5772806599051435,-0.00942127147751491,4.754488823055287,5.2491405927357695,3199.5523415307143
132.mat,Outer Race,27,0.5800384650693253,0.02422338046576678,4.841255614180525,5.0624591897250735,3207.344065082908
132.mat,Outer Race,28,0.5697459474144132,0.021260870153260135,4.87271501881,5.075510252119846,3208.2588940927358
133.mat,Outer Race,0,0.5625916827995026,-0.00011143771299432413,5.084978749305044,5.261318718697602,3174.047836450773
133.mat,Outer Race,1,0.5735113420892636,-0.02219409891102807,4.977847344649929,5.1795530744139935,3154.1667154001075
133.mat,Outer Race,2,0.5711704730387143,0.025575033911487837,4.978071042548742,5.40340863324122,3161.09596015931
133.mat,Outer Race,3,0.5754529132860983,-0.05346025725099067,5.1299075734291275,5.1070339848453,3159.3933768511047
133.mat,Outer Race,4,0.5655546888569233,0.053659008768375704,4.991294623592351,5.5927713556141185,3204.030431696901
133.mat,Outer Race,5,0.5797489035663488,0.015703365927650294,4.948311485925575,5.492265032587712,3209.9915564034704
133.mat,Outer Race,6,0.5770184259224608,-0.06570624548286517,5.168569090322368,4.928496051726236,3170.240388481763
133.mat,Outer Race,7,0.5815299920026232,0.006239530317608557,4.778706879644282,5.138160116707047,3167.123873712882
133.mat,Outer Race,8,0.5883532413300901,0.013930195494965263,4.918372245680406,5.328428202256056,3169.1277208917045
133.mat,Outer Race,9,0.5780210390033967,-0.03253540603145005,5.055596007385988,5.415243977099259,3161.7648869236887
133.mat,Outer Race,10,0.5776715720044932,0.030939022206490956,5.088097761163837,5.270192556988068,3165.639751126923
133.mat,Outer Race,11,0.588779487673022,0.007034994818877273,4.904998580899838,5.152142884415207,3169.0891018787274
133.mat,Outer Race,12,0.5829593559072451,-0.028521616050787915,4.9382819665448165,5.551182667304834,3178.515959447993
133.mat,Outer Race,13,0.5852329828950579,0.016403028761447558,4.856117884168947,5.030014925270224,3167.138663663816
133.mat,Outer Race,14,0.5790268730908692,0.0004788431179194253,4.987504276045977,5.452124751404337,3148.4996592344987
133.mat,Outer Race,15,0.5870037894513661,-0.012780828177957,4.729171855215854,5.143515303152988,3175.7056664157517
133.mat,Outer Race,16,0.5746665834387898,-0.03894131090989149,5.4035933438010435,5.442614053592061,3173.179938875486
133.mat,Outer Race,17,0.5800620187287246,0.016326340143010543,4.8243744305257765,4.497991916752751,3164.1081228913376
133.mat,Outer Race,18,0.5921854915899049,-0.016810901365881797,4.607600626242257,4.833811558211255,3172.2052061556083
133.mat,Outer Race,19,0.5845830891687007,-0.02929852270697377,5.2569680735266875,5.4051672376817415,3169.1915827268103
133.mat,Outer Race,20,0.5734448071353246,0.01661346773473819,5.014898973560511,5.238222753698572,3172.184407285465
133.mat,Outer Race,21,0.5856940536722794,-0.008370355302321714,4.691299328204551,4.922053497034338,3173.02284395976
133.mat,Outer Race,22,0.5798438305524369,-0.012753087644370746,4.904886787941181,5.113182290417942,3171.019917718231
133.mat,Outer Race,23,0.571319514981524,0.046952312870069096,5.102755697464305,5.211507484108958,3171.855587674964
133.mat,Outer Race,24,0.5860165909094044,0.020390498911095886,4.955298200787527,5.075261130292297,3166.235188885968
133.mat,Outer Race,25,0.5901168106612656,-0.01897137877597879,4.8747078603504805,5.064770793220396,3194.612607768552
133.mat,Outer Race,26,0.577168118946385,0.027390905338952713,4.855289265597507,5.221317057519109,3185.7738890151004
133.mat,Outer Race,27,0.5890488023443041,0.0039857127874071245,5.1706491321399,5.280772530478292,3173.8066353121612
133.mat,Outer Race,28,0.5872587240761604,-0.037658590073073796,4.853744680776982,5.035483366514693,3177.189197730589
145.mat,Outer Race,0,0.8498831554043325,0.07621658171400085,1.0395478910357596,3.7140642670825947,2672.2959139627264
145.mat,Outer Race,1,0.8477320580593665,0.06988889283537214,0.9091075163533997,3.7996541385119107,2668.986669530013
145.mat,Outer Race,2,0.8528992921390767,0.07343211175085143,0.9962661364659438,3.898522529487842,2654.881857437869
145.mat,Outer Race,3,0.8417110540943077,0.0739051409704859,1.0199334699120755,4.111482702155427,2669.238297670591
145.mat,Outer Race,4,0.8418059467287841,0.06810952627472563,0.9782805141470732,3.6951897840811196,2664.436393919874
145.mat,Outer Race,5,0.8420786778880324,0.07390781197860799,1.0361790963245037,3.8907487541228365,2657.248993326583
145.mat,Outer Race,6,0.8393358772612337,0.07432607245416363,1.0814363320071223,3.8816911120271707,2656.0936533656422
145.mat,Outer Race,7,0.8387852720785488,0.07439726842054491,1.0862547494369572,3.959764704903196,2656.3256981583822
145.mat,Outer Race,8,0.8466800258818663,0.08139811494178228,1.2153011273613759,3.970325160887956,2666.4294023946395
145.mat,Outer Race,9,0.8583166020061521,0.07668527922612847,1.095669428075639,3.773615096638586,2661.6521763159208
145.mat,Outer Race,10,0.8449715060076742,0.07313863528321052,1.0554510604047804,4.006708116836804,2652.6781903717747
145.mat,Outer Race,11,0.8491053135134922,0.06911317665839765,1.0470531288392264,3.636641730093471,2672.039953839783
145.mat,Outer Race,12,0.8618179098277369,0.07460432978261719,0.9229016605939813,3.6060867200841473,2675.656309363814
145.mat,Outer Race,13,0.8634461834953002,0.07046485816368343,0.9445629580675976,3.880532108160963,2651.1062392673057
145.mat,Outer Race,14,0.8487839982064203,0.07461368894629432,0.9341132957316258,4.09205306534533,2670.172753973499
145.mat,Outer Race,15,0.8554929288138621,0.07081101875677948,0.9826755797947566,3.8306906254136983,2729.816234461391
145.mat,Outer Race,16,0.8500670180572314,0.07611299827184305,1.053363946139017,3.8728169921707534,2689.152190906463
145.mat,Outer Race,17,0.8477055826043884,0.07752107307919415,1.142221270833586,4.09151028253058,2669.4734052240874
145.mat,Outer Race,18,0.8494911045574599,0.06906239180105246,1.0429368696098384,3.863969695058194,2653.73721535126
145.mat,Outer Race,19,0.8521446467040191,0.0743353402613172,1.1301873783259744,3.8547967459315515,2657.7653078060216
145.mat,Outer Race,20,0.859292098525819,0.07545158615849401,1.0540646775798388,3.912524162123869,2659.6873968695713
145.mat,Outer Race,21,0.8504041567476778,0.07268958377965931,0.9840744987801475,3.810636169414752,2649.385284946941
145.mat,Outer Race,22,0.8484994333280199,0.07444144722259884,1.0699160556759262,3.8962441790646034,2642.700530862642
145.mat,Outer Race,23,0.8453709967343622,0.07321973931755742,1.162936872574397,4.060537199054333,2650.267518500909
145.mat,Outer Race,24,0.8334205370278513,0.06826388176367518,1.0389536519911315,3.9696616029987024,2650.7252633635735
145.mat,Outer Race,25,0.843457162782679,0.07262809241345654,1.0843283998893138,3.7385087177216616,2659.2048556423833
145.mat,Outer Race,26,0.8489499007919049,0.07067245315548819,1.1173109923288829,4.031939067622452,2665.5574907444966
145.mat,Outer Race,27,0.8435643449508672,0.07402763578792469,0.9482659729701925,4.075491741128917,2650.433804290408
145.mat,Outer Race,28,0.8396386733495392,0.07549818070005353,1.195165064763363,3.9257539878552925,2667.8144307053167
146.mat,Outer Race,0,0.8523166900136968,0.07638059344844428,1.0070278166366124,3.901663821178175,2648.2737239875487
146.mat,Outer Race,1,0.8534056745480348,0.07729162265431753,1.0582452244117393,3.9342767828614256,2661.695086459678
146.mat,Outer Race,2,0.8493645697931884,0.0690070112755872,0.8883095700962489,3.667564920158251,2661.034195005723
146.mat,Outer Race,3,0.8606408644408529,0.07422089349413877,1.0135732548699732,3.9658448775728834,2664.069898076569
146.mat,Outer Race,4,0.8487487870456252,0.07043447924297379,0.9908976527223854,3.9195006907350085,2675.292294869387
146.mat,Outer Race,5,0.8510879343405205,0.07620443919321987,0.9868788239747852,3.9550108046780768,2676.729196463619
146.mat,Outer Race,6,0.847999527921793,0.07155856520907801,1.0325190688922792,3.8664562725024996,2657.156813484559
146.mat,Outer Race,7,0.8508916530659597,0.0730298957134456,0.9854265614135667,3.992671365715699,2663.301061992711
146.mat,Outer Race,8,0.852907017453787,0.07238270605441353,0.9861505833753532,3.7961209807120904,2665.8661901717796
146.mat,Outer Race,9,0.8521317445732026,0.07303999089996349,0.9899219993813508,4.135546131409057,2665.182736699225
146.mat,Outer Race,10,0.8529887221067955,0.0795322268557424,1.1035865509334215,4.060931934904149,2661.2707676574896
146.mat,Outer Race,11,0.848738926465346,0.07228939442841137,1.0388664023077157,3.9855737393051256,2698.3491129999047
146.mat,Outer Race,12,0.8545229079447151,0.07910842144454346,0.9964092641588533,4.0151480973124345,2686.381390956258
146.mat,Outer Race,13,0.8496115014336424,0.07218894945382473,0.97976975374646,4.122481250689022,2665.6181342661466
146.mat,Outer Race,14,0.8581552165070494,0.07599352797651383,1.0130387272040435,3.865654340048515,2653.4695971688298
146.mat,Outer Race,15,0.8529362435827805,0.07468674255515273,0.9250068503988222,3.740762641913084,2657.136180811791
146.mat,Outer Race,16,0.8520644712968821,0.07066433788124316,0.8162993902581226,3.9652524103725733,2668.7952644437783
146.mat,Outer Race,17,0.8547334063728551,0.07673258160978011,0.9684244592776148,4.220829798669608,2654.934636731619
146.mat,Outer Race,18,0.8521239724949085,0.06904972777003533,0.9275518571668875,4.268067408362872,2677.1156923113576
146.mat,Outer Race,19,0.8548823822470257,0.07563865639884604,0.9162119735419254,3.992558783000385,2667.041013214131
146.mat,Outer Race,20,0.8511787171321279,0.06736279255038825,0.7987021231456866,4.104871950382889,2670.929454107783
146.mat,Outer Race,21,0.8582474511300305,0.07120922912478114,0.8269483378555549,4.1041843861992255,2659.018316340844
146.mat,Outer Race,22,0.8564312191797031,0.07143754822813748,0.8449936948791192,3.927964629953874,2671.145047054723
146.mat,Outer Race,23,0.860743638357603,0.07140972904367875,0.7927179175053656,4.141347973198415,2678.098805409633
146.mat,Outer Race,24,0.8571582786625209,0.07226309804580859,0.9161531545232013,3.9563748091533957,2655.120362738676
146.mat,Outer Race,25,0.8557654578312275,0.07206600802916474,0.8971851337404688,4.001725696469829,2676.9117539118315
146.mat,Outer Race,26,0.865363755617796,0.0740476105195799,0.8354265404437236,4.061517595281408,2685.6078984451647
146.mat,Outer Race,27,0.8657290278543738,0.07235977960520461,0.940914874435836,3.9913196695842226,2657.357882259732
146.mat,Outer Race,28,0.866937416657162,0.07464511351089563,0.9127464529907399,3.8293052073731038,2663.5144054442753
147.mat,Outer Race,0,0.7772412700570646,0.0754901734030962,0.8910356263517158,3.7894989670372414,2637.861275100643
147.mat,Outer Race,1,0.7912144157112007,0.08292845566394529,0.954365719927114,4.123420296767146,2650.559930163982
147.mat,Outer Race,2,0.7911706219212405,0.08551418884848778,1.1234122620677303,4.105170653676012,2640.6220574980516
147.mat,Outer Race,3,0.7957847581118744,0.08005649321088318,1.0221440389537708,3.9537933228818183,2635.9191834574194
147.mat,Outer Race,4,0.7890762901580433,0.08097629595897923,0.9363112166354886,3.9714534318238113,2642.3207603399464
147.mat,Outer Race,5,0.7863435510343315,0.08074089291088395,1.0349232239571649,3.8861015318609735,2644.1469519517036
147.mat,Outer Race,6,0.7875102010157286,0.07942314434309966,0.9973013298376712,3.8561084625726023,2622.5850936717093
147.mat,Outer Race,7,0.7837134368655897,0.082687205212873,1.0851875353725307,4.032309898552601,2605.1099370764846
147.mat,Outer Race,8,0.7752283616844273,0.08090230912880583,1.0585889013398804,3.9753453966851984,2640.950448977293
147.mat,Outer Race,9,0.7935828164667559,0.08283775522220106,1.0718998248342482,4.176613648355297,2636.7655749882397
147.mat,Outer Race,10,0.7935304495406942,0.08180739521722431,1.0441173976400302,4.055093187693312,2661.3851587645217
147.mat,Outer Race,11,0.7949858311957704,0.08740049757543726,1.1396598092465116,4.041028974832131,2658.0438626302657
147.mat,Outer Race,12,0.7995947726442015,0.08832059881839432,1.190030824980954,4.345818196738371,2649.2154037552887
147.mat,Outer Race,13,0.8051883906135786,0.08535857665691793,1.1098085118837444,3.980746909629794,2639.031454624616
147.mat,Outer Race,14,0.8022903902823426,0.0807546813573755,1.0437367606758405,3.9586824330948205,2652.8723079315273
147.mat,Outer Race,15,0.808243299655813,0.08207164791631913,1.1021642010659045,3.8215027496439244,2641.069734012158
147.mat,Outer Race,16,0.7983657281309,0.08475933821572092,1.005091847795855,4.086993659286546,2637.9324812605723
147.mat,Outer Race,17,0.7988847306834516,0.08152323992820765,1.177143390193355,4.271908004711344,2640.6447345898277
147.mat,Outer Race,18,0.7954068787606857,0.08478833528357523,1.0963472075297043,4.319176871294844,2671.6976156270994
147.mat,Outer Race,19,0.7874011423443231,0.07960758138172067,1.050402862044523,4.354839489581135,2680.9229684534425
147.mat,Outer Race,20,0.7908358031447412,0.0817932631986555,1.0293360581623805,4.0396412270006365,2633.5978237266827
147.mat,Outer Race,21,0.8098386899174607,0.08396435080649825,1.1339274114446853,4.083750606993148,2655.272195614883
147.mat,Outer Race,22,0.8113762741249168,0.08114760534555754,1.1149523738540035,3.9053437898842613,2666.3520247287647
147.mat,Outer Race,23,0.8033701821129711,0.08885194270521676,1.1662192598963959,4.169201757575939,2645.873870156266
147.mat,Outer Race,24,0.8103977964918324,0.0882778781739481,1.2332958228024218,4.465775581184268,2648.095324879105
147.mat,Outer Race,25,0.8117273475524657,0.08968386694476882,1.1897826986602418,4.226833108788845,2658.777600517524
147.mat,Outer Race,26,0.8110073054347647,0.08320233273536196,1.1143990612225751,3.895603963467903,2640.3895500737517
147.mat,Outer Race,27,0.8022338605198948,0.07678154046317386,1.0697246572892078,3.864302672401254,2638.153064573395
147.mat,Outer Race,28,0.8194473008216504,0.09341096323516694,1.1564640740258527,3.978380367625078,2663.707909286033
158.mat,Outer Race,0,0.24577010679164743,-0.04142931687935795,3.3777348878282805,5.133389366039401,2997.1588580152666
158.mat,Outer Race,1,0.2546082146610133,-0.0162665786268046,3.7939120807634685,4.948178392220502,3028.393030525327
158.mat,Outer Race,2,0.24972295416813858,-0.008547459407888692,4.025449251482995,5.9231010474962735,3057.7297371065147
158.mat,Outer Race,3,0.23354611447189177,-0.0879494742017563,4.564687906283889,5.667762339993029,3033.3339484612184
158.mat,Outer Race,4,0.24605816214736487,-0.06220328528317504,4.226594326394802,5.284495349494261,3048.0408177660447
158.mat,Outer Race,5,0.2292419395921119,-0.04968881503460142,3.623078424134672,5.234952821714164,3028.143751125513
158.mat,Outer Race,6,0.22829063433450197,-0.06162770022254029,4.349311176358036,5.733490904104449,3042.7324277839707
158.mat,Outer Race,7,0.22347835799788376,-0.06687909102999806,5.4588671431049764,7.378249136820765,3017.648072108981
158.mat,Outer Race,8,0.2292745310096563,0.015466721438162669,5.21284806620714,7.207309802678011,2998.2735508966252
158.mat,Outer Race,9,0.21952603688551453,-0.0858821605017625,6.824053150423962,8.348693370791727,2966.0104382058475
158.mat,Outer Race,10,0.2284742205271157,-0.04657130047208186,4.322349643074525,6.100002923560678,2980.5657757619674
158.mat,Outer Race,11,0.24487277136942584,-0.051669670968229726,6.70592854115619,8.330949917389995,2985.9422410919374
158.mat,Outer Race,12,0.2436443253697567,-0.04023218914012205,4.86614309012534,6.594893195048593,2988.5407999240815
158.mat,Outer Race,13,0.24537717201216122,-0.008389062684454957,4.431461930678656,5.400444456819633,3012.475647630023
158.mat,Outer Race,14,0.2435640291623077,-0.044548939211231195,5.5371974064194855,6.368984346158196,3041.731275552665
158.mat,Outer Race,15,0.22211912014004762,-0.10739446482472645,4.940994183249282,5.872317930099683,3045.0137560727385
158.mat,Outer Race,16,0.23315498826623554,-0.023727031602194318,5.05598278509493,6.09737010587003,3031.17234231033
158.mat,Outer Race,17,0.22788424996463227,-0.02230037334485099,5.300144900666794,6.23340669572952,3044.491219972365
158.mat,Outer Race,18,0.2204851300963599,-0.10029899137831422,5.279969867384663,6.525101912691429,3029.519987312591
158.mat,Outer Race,19,0.21788344895692596,-0.09396220230951093,6.373700699349152,8.033657290003125,2999.644417794969
158.mat,Outer Race,20,0.22126438171560017,-0.0664206062672523,5.12101529876335,6.539561968850428,2997.5995978493556
158.mat,Outer Race,21,0.22565860860754908,-0.07611806956885567,4.482177246892355,6.777889800325391,2996.186737415536
158.mat,Outer Race,22,0.2406215589927717,-0.02416242242505611,4.520163479124568,7.023373536828951,3011.25721206157
158.mat,Outer Race,23,0.2540121911354614,-0.03672689954520868,5.638440448283173,6.90827750724382,3000.2850879115686
158.mat,Outer Race,24,0.25461601179909166,-0.056177769933456044,4.582197100936023,5.7422885248398465,3012.035129514597
158.mat,Outer Race,25,0.25617941920364,-0.007851193447779584,3.806939397140267,4.998356744366906,3014.4595339061757
158.mat,Outer Race,26,0.2756551672872675,-0.04939434136220875,5.363869917366175,6.481373121346497,3032.73009224457
158.mat,Outer Race,27,0.2796356059683287,-0.0022917626582058155,5.221880511636263,7.086172523855989,3019.9260187168297
158.mat,Outer Race,28,0.26955944606497856,-0.03218805145772803,4.6215212089745545,5.87228666043402,3016.901219722709
159.mat,Outer Race,0,0.27617407167232455,0.0037485662552945117,6.938264069927568,7.058533700183399,3011.0727510214556
159.mat,Outer Race,1,0.2673835444784511,-0.051993596425525763,5.224475470839948,5.985683735531145,3005.0893340760954
159.mat,Outer Race,2,0.28554804258730787,-0.009951469270218716,6.7230945348728035,6.839330948217346,3021.527713349333
159.mat,Outer Race,3,0.27543984040652975,-0.02424722599283028,6.337983787186598,6.445748608638038,3005.8974604606105
159.mat,Outer Race,4,0.28228581890387766,-0.021602276729178898,6.464774974823422,7.602553123161004,3023.5360903557967
159.mat,Outer Race,5,0.2781733280206583,-0.012809129915388387,6.102212226259805,6.847805215622979,3006.14791939882
159.mat,Outer Race,6,0.2741053263646379,-0.025336899635274097,5.599689214805492,6.715356153900079,3002.103649539273
159.mat,Outer Race,7,0.27498862780332295,-0.036340029462505134,5.0325554125553165,6.582143651384593,3000.2576938734555
159.mat,Outer Race,8,0.2677469396140787,-0.0005992175262289802,5.264216327293301,7.00587233955775,3010.2891147263235
159.mat,Outer Race,9,0.27443677070186084,-0.0008425338205871778,5.352795556069697,6.262739877709752,3000.1892202556437
159.mat,Outer Race,10,0.2550367894807745,-0.005530207611476438,4.252896882228466,5.72198704571142,2996.669486644606
159.mat,Outer Race,11,0.2731462462403849,0.04128232736574211,6.575438399869947,6.828732301775273,2980.2306754156307
159.mat,Outer Race,12,0.24954113983128054,-0.04131518689837253,4.22644359367332,5.2257083639137205,2971.3768567793763
159.mat,Outer Race,13,0.271948323653564,-0.010991506373255341,5.708658316085467,6.882704680262773,2974.7867796589208
159.mat,Outer Race,14,0.2609550830328773,-0.05171325150922709,4.722312361774483,5.383690636709105,2975.204547532838
159.mat,Outer Race,15,0.2689583913375394,-0.021141184987304062,4.625349991110324,5.847965380278938,2995.791529567192
159.mat,Outer Race,16,0.2778514921563862,0.011775697719269456,7.73853499333787,8.297388574431656,3006.4747731973634
159.mat,Outer Race,17,0.2717393216772976,0.005628686069704312,5.574291241177377,6.408594145296987,3007.8932383729207
159.mat,Outer Race,18,0.2749021456207956,-0.020534797182567118,5.802785575307917,6.191867730631982,3003.156991863974
159.mat,Outer Race,19,0.27575032933879745,0.014847662631523394,5.451436793918983,5.809368399820835,3015.033214108657
159.mat,Outer Race,20,0.2808319863317383,-0.05616703719533437,6.0566747291224665,6.5464081297046395,3003.2622972721006
159.mat,Outer Race,21,0.26422916575748284,-0.0438174762926645,4.904169792673805,5.685216753169034,3020.0314536679602
159.mat,Outer Race,22,0.2773723406026742,-0.045755773566276636,5.350128145788323,5.905404427652585,3010.0526459416164
159.mat,Outer Race,23,0.2633131886236148,-0.06459237225651478,5.010457278104722,6.203440371555189,3013.182548520113
159.mat,Outer Race,24,0.2791310944194884,-0.012141100919405668,5.563456736781516,5.8233868451449915,3011.853939760225
159.mat,Outer Race,25,0.26501766401362054,-0.010344923305597834,5.613485655986345,6.930307905369106,3004.0772253917735
159.mat,Outer Race,26,0.27720049824625154,-0.01050455367842749,5.318301094709092,6.145802953085421,3010.999926230358
159.mat,Outer Race,27,0.26924914160464114,-0.02701207697964546,4.969696553910393,5.824155030427549,3020.145901333601
159.mat,Outer Race,28,0.2772400453227012,0.024136520220097785,5.867309423630125,6.736100062503593,3017.7012599617715
160.mat,Outer Race,0,0.24911108599368895,-0.013976756480239085,5.538464683181205,6.981595890019112,2960.724452720107
160.mat,Outer Race,1,0.26041925104054847,-0.04415096663166059,4.899539561858556,6.941031112446624,2973.1255827333957
160.mat,Outer Race,2,0.27649065761044517,-0.036338002755553406,4.683305538202247,6.897704518358328,2981.124194133384
160.mat,Outer Race,3,0.25435835420500463,-0.011147113450357293,5.1527173701313735,6.546364557886803,2964.9349534334483
160.mat,Outer Race,4,0.24659991195461126,-0.04672001438805316,5.383575936421698,6.148955707684267,2955.805072836952
160.mat,Outer Race,5,0.26027926576651095,0.013419512219014626,5.323565094207348,5.8788352489373175,2954.0505545065903
160.mat,Outer Race,6,0.2617839418404178,-0.05756715267154921,4.848643667521869,6.002650254490003,2968.376042878078
160.mat,Outer Race,7,0.25986587740712647,-0.04089065390137053,5.2522929008617965,5.963820984569906,2969.635855012702
160.mat,Outer Race,8,0.25415369263265986,-0.0312420416271222,5.078527938546179,6.115755157386551,2960.421031077179
160.mat,Outer Race,9,0.2574791167209367,-0.011204567369328764,4.790946702502219,5.532705354773786,2967.3456643918166
160.mat,Outer Race,10,0.2577320539971368,-0.022304567615913963,6.453379343144272,6.7543685716658315,2984.6335778135644
160.mat,Outer Race,11,0.25816003459269254,-0.04863493691413237,5.6084066423214605,6.065519216284325,2971.508689047443
160.mat,Outer Race,12,0.24961768948798685,-0.06538859277110007,4.7492670864593665,6.3622424625859075,2958.4078085922447
160.mat,Outer Race,13,0.25056482306392375,0.01143765055602492,4.348634442708648,5.546648380508375,2953.038625052644
160.mat,Outer Race,14,0.2677186575773293,-0.03440527628549958,5.343216089293287,6.330099380889552,2967.602125597817
160.mat,Outer Race,15,0.23666654650844132,-0.030053411413011454,4.442062609189781,5.750892858223472,2957.8174560544994
160.mat,Outer Race,16,0.25799356484166514,-0.06085475569402016,5.2098278182466995,6.379830328988354,2976.694986355576
160.mat,Outer Race,17,0.260921509868626,-0.0370322152550434,4.8155963586006125,5.790904619581122,2982.9650512866615
160.mat,Outer Race,18,0.24472725777402668,-0.08249352029599759,4.720709520586525,5.527621944459236,2987.703068636355
160.mat,Outer Race,19,0.25016189510200576,0.013264535551796271,5.725759131169765,6.010755536509078,2972.514154142004
160.mat,Outer Race,20,0.24654816583451297,-0.06807536601013278,5.197212786584213,6.209541622921623,2989.6236436442805
160.mat,Outer Race,21,0.25766159490165624,-0.08456324616998381,5.683835688755373,6.1762288115745685,2983.6599037826736
160.mat,Outer Race,22,0.2659907830051161,-0.0022115220584952755,5.903461315030187,6.093971157073745,2982.40688788408
160.mat,Outer Race,23,0.25238212906717805,-0.06993825089084173,5.307671924601632,5.968819578396532,2980.8375089464325
160.mat,Outer Race,24,0.2511979937050981,-0.0927353718315016,5.611330087186898,6.664937317138893,2976.225928814563
160.mat,Outer Race,25,0.260040167673582,-0.050398800080395115,5.7870072367656284,6.836837981283134,2987.669452064348
160.mat,Outer Race,26,0.2537362971205858,-0.04399361724462551,5.270819743473687,6.8716171175388086,2989.038859750385
160.mat,Outer Race,27,0.2579011617740287,-0.09395709372278373,5.861122204168382,6.569806923971677,3011.082875862487
160.mat,Outer Race,28,0.2608960019567703,0.0035761455808032377,6.056680905436494,7.028586739112093,3022.0673168343496
