archivo,clase,muestras,duracion_s,rpm,media,desv_estandar,rms,min,max
97.mat,Normal,243938,20.328166666666668,1796.0,0.01255821119994551,0.0726870986839877,0.07376396805784112,-0.28663753846153844,0.31125415384615385
98.mat,Normal,483903,40.32525,,0.012564102453463732,0.06515164530586431,0.0663520425949517,-0.34588430769230766,0.31751261538461534
99.mat,Normal,485063,40.42191666666667,,0.012260601185032426,0.0631461339946538,0.06432539607254037,-0.3269003076923077,0.35923569230769226
100.mat,Normal,485643,40.47025,1725.0,0.01245851422293584,0.06469520385023539,0.06588386735663448,-0.306456,0.2837169230769231
118.mat,Ball,122571,10.21425,1796.0,0.012607048538945311,0.13866162366530224,0.13923355755837463,-0.6070200798403194,0.6039338123752496
119.mat,Ball,121410,10.1175,1772.0,0.0038918351975728966,0.13901385542053493,0.13906832270537547,-0.6596490618762475,0.6396695409181637
120.mat,Ball,121556,10.129666666666667,1748.0,0.004564114986322725,0.14718109062277251,0.14725184067615982,-0.5667361676646706,0.6045835528942115
121.mat,Ball,121556,10.129666666666667,1722.0,0.004199704983399223,0.1535774376611685,0.15363484917334896,-0.720562235528942,0.6715068263473054
105.mat,Inner Race,121265,10.105416666666667,1797.0,0.013443559443270718,0.29121590933470093,0.29152604538898663,-1.3798864271457085,1.739030499001996
106.mat,Inner Race,121991,10.165916666666666,1772.0,0.0058009877561891405,0.2928348290041616,0.292892281456586,-1.4029522155688623,1.5808186826347306
107.mat,Inner Race,122136,10.178,1748.0,0.004551920800437508,0.2994755272633841,0.29951011904884844,-1.4255306986027942,1.6396201996007984
108.mat,Inner Race,122917,10.243083333333333,1721.0,0.004718397126522763,0.31357123398525055,0.31360673151971136,-1.5354992814371258,1.6714574850299402
130.mat,Outer Race,121991,10.165916666666666,1796.0,0.023171476248918663,0.6691044871630503,0.6695055877685285,-3.4087011976047905,3.630425149700599
131.mat,Outer Race,122426,10.202166666666667,1773.0,0.0040610540448516655,0.5919334923404229,0.5919474229306896,-3.011953393213573,3.112257085828343
132.mat,Outer Race,121410,10.1175,1750.0,0.0039122536452504755,0.5701569501046396,0.5701703723284903,-3.0822065868263473,3.1012927145708584
133.mat,Outer Race,122571,10.21425,1725.0,0.004529079736929043,0.580377370704462,0.5803950421816919,-3.003019461077844,3.236113872255489
144.mat,Outer Race,122281,10.190083333333334,1797.0,0.007191644307658839,0.769382002698559,0.7694156131924367,-3.2600730538922154,3.34900628742515
145.mat,Outer Race,121846,10.153833333333333,1774.0,0.005938528679390886,0.8479900124486789,0.8480108061431685,-3.3059609780439123,3.5548928143712577
146.mat,Outer Race,121556,10.129666666666667,1751.0,0.0057089655473021835,0.8543661150147651,0.8543851887603408,-3.3514428143712576,3.6369225548902193
147.mat,Outer Race,122281,10.190083333333334,1725.0,0.006673843393593249,0.7975703939021197,0.7975983158299826,-3.3161131736526945,3.6190546906187624
156.mat,Outer Race,122281,10.190083333333334,1797.0,0.01105605908096141,0.23700666271819423,0.23726439811994043,-1.7627460279441118,1.6909497005988023
158.mat,Outer Race,121991,10.165916666666666,1773.0,0.003997310823836011,0.24168479131359422,0.24171784552679998,-2.0400227944111773,1.8246338123752495
159.mat,Outer Race,122281,10.190083333333334,1750.0,0.003668215649890265,0.2720693420422422,0.27209406955197074,-2.3054417964071856,2.2609345708582835
160.mat,Outer Race,122136,10.178,1724.0,0.0037905333938136696,0.2561685336695882,0.25619657645221683,-1.9071508582834331,1.6864015169660678
