,media,std,rms,min,max,pico_pico,skewness,kurtosis,factor_cresta,centroide_espectral,frecuencia_rms,energia_espectral
media,1.0,-0.31424632529384433,-0.3129797518855061,0.3472493596979184,-0.3268806047510044,-0.3372435226269241,-0.37304108049515666,-0.34101253285787364,-0.35345707660378917,-0.5358385965486828,-0.5319960560454132,-0.2237414015546161
std,-0.31424632529384433,1.0,0.9999984141479398,-0.9681376276173291,0.9761168331820421,0.9735888874251827,0.6528347836616467,0.463146427669481,0.3191245696947805,0.669854872947256,0.6376577055241541,0.9723654792034663
rms,-0.3129797518855061,0.9999984141479398,1.0,-0.9679814981075885,0.9759845008061042,0.9734447940670624,0.6521235402630948,0.4624516934180061,0.31827705513885735,0.66881613181786,0.6365881261142283,0.9726358213493975
min,0.3472493596979184,-0.9681376276173291,-0.9679814981075885,1.0,-0.9944586505169034,-0.9985339636450739,-0.6374552246266871,-0.6567626196718461,-0.5090537541122764,-0.7575598080038596,-0.7329968214619252,-0.899116570163037
max,-0.3268806047510044,0.9761168331820421,0.9759845008061042,-0.9944586505169034,1.0,0.9986912117500227,0.6693299025892165,0.6284686413775974,0.48452787379893186,0.7496278819489839,0.7250336199170333,0.9092180261393281
pico_pico,-0.3372435226269241,0.9735888874251827,0.9734447940670624,-0.9985339636450739,0.9986912117500227,1.0,0.6547511455374035,0.6431055540486444,0.49713192712805604,0.7545266162487781,0.7299134550572649,0.9055647993557887
skewness,-0.37304108049515666,0.6528347836616467,0.6521235402630948,-0.6374552246266871,0.6693299025892165,0.6547511455374035,1.0,0.41034335231040314,0.398098751049697,0.7534336217684908,0.743642509796757,0.5448149107726692
kurtosis,-0.34101253285787364,0.463146427669481,0.4624516934180061,-0.6567626196718461,0.6284686413775974,0.6431055540486444,0.41034335231040314,1.0,0.9181207020772454,0.7533469165332557,0.7638774289115363,0.2816896108997749
factor_cresta,-0.35345707660378917,0.3191245696947805,0.31827705513885735,-0.5090537541122764,0.48452787379893186,0.49713192712805604,0.398098751049697,0.9181207020772454,1.0,0.6936176009587206,0.7053234991020498,0.14357171074397995
centroide_espectral,-0.5358385965486828,0.669854872947256,0.66881613181786,-0.7575598080038596,0.7496278819489839,0.7545266162487781,0.7534336217684908,0.7533469165332557,0.6936176009587206,1.0,0.99854825686936,0.5026034896623538
frecuencia_rms,-0.5319960560454132,0.6376577055241541,0.6365881261142283,-0.7329968214619252,0.7250336199170333,0.7299134550572649,0.743642509796757,0.7638774289115363,0.7053234991020498,0.99854825686936,1.0,0.46308286044553043
energia_espectral,-0.2237414015546161,0.9723654792034663,0.9726358213493975,-0.899116570163037,0.9092180261393281,0.9055647993557887,0.5448149107726692,0.2816896108997749,0.14357171074397995,0.5026034896623538,0.46308286044553043,1.0
